stage,seed,eta_c,eta_cb,late_abs_early_deg,late_signed_early_deg,late_endpoint_mm,adapt_abs_early_deg,adapt_endpoint_mm,max_adapt_abs_early_deg,max_adapt_endpoint_mm,max_baseline_abs_early_deg,max_baseline_endpoint_mm,max_washout_abs_early_deg,max_washout_endpoint_mm,late_path_rmse_mm,late_velocity_rmse_mm_s,first_washout_deg,clip_events,objective,all_finite,stable
extend1,11,0.0,4.8,2.769035603001062,2.769035603001062,0.31805486196624866,3.705066317895804,0.7614098865767015,29.771272781027978,15.211398330768025,0.2279842867731916,0.01981116386445652,27.264807229821315,4.815154823708516,0.12883654158454055,1.1675376327329254,-27.264807229821315,0,0.26128238630670614,True,True
extend1,11,0.0,6.4,2.7492660584291206,2.7492660584291206,0.29146267000760073,3.9887053366064755,2.710478476339631,29.767447973060936,15.692361711447692,0.23197393102439506,0.01981116386445652,27.30308552244782,4.895764485481805,0.11908853673165995,1.0426422843613,-27.30308552244782,0,0.28785704555422115,True,True
extend1,11,0.025,4.8,2.0705381597809893,2.0705381597809893,0.27929575357567893,3.102483401565998,0.7334947458458627,29.782752746116465,15.21146784332629,0.21697895294356528,0.01981116386445652,27.977254717545478,4.855952995238718,0.11671043258272332,1.1172186195622993,-27.977254717545478,0,0.2111900829948078,True,True
extend1,11,0.025,6.4,2.2008590426756376,2.2008590426756376,0.27004988555201337,3.6916912461347495,2.7644506804303908,29.778534465931838,15.754182448292276,0.22136816930124575,0.01981116386445652,27.872094863600132,4.937458926108245,0.11235430915960012,1.0031177818465682,-27.872094863600132,0,0.25349027999170537,True,True
extend1,11,0.05,4.8,1.483592554053789,1.483592554053789,0.24697968056441058,2.5609687184030543,0.7091306606406667,29.793742069584013,15.211538102468754,0.20650070511711321,0.01981116386445652,28.569661479910124,4.890688946050694,0.10688507317720194,1.077921993422742,-28.569661479910124,0,0.16885305612853432,True,True
extend1,11,0.05,6.4,1.6362197765599231,1.6362197765599231,0.26167511273194566,3.397307212784214,2.825170769379584,29.789159735108168,15.8163709325352,0.21200709587522423,0.01981116386445652,28.454850775879173,4.981122809469752,0.10874757010389971,0.9757468913853208,-28.454850775879173,0,0.22170358151914488,True,True
extend1,11,0.1,4.8,0.5968863705581405,0.5968863705581405,0.1982703412850471,1.6409019084448473,0.6696945284814106,29.814327904338775,15.21168049172122,0.19453014731154686,0.01981116386445652,29.44789104708138,4.943893427326297,0.09273119865089813,1.0247826252803094,-29.44789104708138,0,0.10402880747316035,True,True
extend1,11,0.1,6.4,0.5113927798457607,0.5113927798457607,0.2675972753361779,2.8131209078443917,2.9590326403981315,29.809099605010825,15.941840567944428,0.2054149192355814,0.01981116386445652,29.60209890455323,5.069484989086878,0.10631583675742466,0.942489965625696,-29.60209890455323,0,0.16426183860082222,True,True
extend1,11,0.2,4.8,0.3176698709493625,-0.3176698709493625,0.14862320590505268,0.9243847369234915,0.621210627962146,29.850440691921197,15.211970465256439,0.1919761774630446,0.01981116386445652,30.30554208618324,5.00075753660512,0.07953714011286268,0.984669452201182,-30.30554208618324,0,0.0708930016216582,True,True
extend1,11,0.2,6.4,1.4846883078299606,-1.4846883078299606,0.29548628048207837,2.799973660980466,3.2311575813001645,29.84421028468222,16.197076033754453,0.20972690987155293,0.01981116386445652,31.56536438038372,5.229518147962139,0.10367721734045612,0.9107434790549572,-31.56536438038372,0,0.22423579185842615,True,True
extend1,11,0.4,4.8,0.4695701404481613,-0.4695701404481613,0.14894024603360143,1.8238713687225812,0.6087413453456946,29.905977014479266,15.212556650236436,0.19903678635269445,0.01981116386445652,30.369899429392238,5.020088511531403,0.07999382481179425,1.012321242253468,-30.369899429392238,0,0.08585925061241317,True,True
extend1,11,0.4,6.4,3.5272311923903628,-3.5272311923903628,0.28554779137383085,5.32272909748925,3.6543418309195936,29.89864316314916,17.81968235709053,0.21834930111705333,0.01981116386445652,33.23042254459866,5.398607432654839,0.0816879904440256,0.9828089485866858,-33.23042254459866,0,0.3518160511008698,True,True
extend1,11,0.8,4.8,0.1185699108722422,-0.1185699108722422,0.188991907150599,2.3763194909248844,0.7376053862034085,29.971593112066177,15.213682555225406,0.21628279272228904,0.01981116386445652,30.065088561886807,5.022034542093763,0.09363400325035909,1.081836890467719,-30.065088561886807,0,0.08503151034719486,True,True
extend1,11,0.8,6.4,1.1747472081547972,-1.1747472081547972,0.5174369957988447,8.317410405536638,4.118288399673595,34.281951230504845,24.890510774452935,0.23558772487218618,0.01981116386445652,30.835135638669293,5.374520128777609,0.12228993469609133,1.860678546697669,-30.835135638669293,14,0.32470065684923666,True,False
extend1,11,1.2,4.8,0.3260861268715293,-0.3260861268715293,0.22390128704103796,2.929064040917892,1.0003950190017756,40.486496624358274,15.214690138532747,0.233520321789951,0.01981116386445652,30.451971347104347,5.041981634926455,0.11673024368569451,1.1522600066087296,-30.32582358677556,0,0.11303481895138334,True,True
extend1,11,1.2,6.4,1.045223503525075,1.045223503525075,1.0005197198301325,9.380042145122491,4.437981193770199,51.188406213227,32.247713963207566,0.2528176729228089,0.01981116386445652,29.045267124100764,5.512439247863424,0.2271043779876889,3.0245538460148005,-29.045267124100764,24,0.45307415558775205,True,False
extend1,11,1.6,4.8,0.43645380604794504,-0.43645380604794504,0.31394232477498774,3.6630538014679757,1.5231631060360193,47.82453250519467,15.215574990321453,0.2507493766868587,0.01981116386445652,38.35368201966092,5.089088587370802,0.13442117869234343,1.2675543192439616,-30.49957996598429,0,0.15572200588805085,True,True
extend1,11,1.6,6.4,0.613009475770441,0.38781764403481445,1.8342119924812212,9.958327374275601,5.445788398662693,80.27450718195159,37.556767944899484,0.27003914840489973,0.01981116386445652,29.183149974092668,5.967596399896433,0.32336167873963195,5.0152435195710625,-28.806619460707203,26,0.6611730039275079,True,False
extend1,11,2.4,4.8,2.3908825663203226,2.3908825663203226,0.9772127676242326,10.490124914376484,3.5700277287508433,76.72666036636352,21.748814047276895,0.28518207650653726,0.01981116386445652,46.22480755600953,5.6229120270308846,0.23607729497975902,2.9108137889361427,-27.658541676100565,0,0.5095988142593757,True,False
extend1,11,2.4,6.4,0.8010126843156288,0.8010126843156288,4.879050469232595,10.62345341801474,8.584123018783819,102.9921864473892,39.632969121777606,0.3044566942196733,0.01981116386445652,34.2846812967269,7.639163689606901,0.8251995374593071,11.577558738688516,-29.427610940719234,41,1.4886054780267297,True,False
extend1,11,3.2,4.8,1.1653432244565403,1.1653432244565403,8.395043083617379,14.210417887293687,11.979173138379315,160.26801959562147,37.16987389488295,0.31958091728911797,0.01981116386445652,41.02052052587995,11.57627591115107,1.4139259238412705,19.04807909767795,-28.637090718528217,0,2.471186204364085,True,False
extend1,11,3.2,6.4,1.346578944009071,1.346578944009071,7.448980284282674,11.427833232435049,11.143839017114294,104.96648918908718,42.57004942858669,0.3388403874599087,0.025116804256211888,36.72253769329028,10.247327719011338,1.3014699363347826,16.863579377278935,-28.770033648216796,1064,2.2068948347034123,True,False
extend1,11,4.8,0.0,8.007439821613852,-8.007439821613852,1.0011868430788589,12.824590491681175,1.5023624401280176,66.43005090135524,15.223422382719612,0.33054915784350297,0.02254941026629688,58.96740664993325,9.385523717811328,0.23632934898309865,3.08911921363991,-37.47762858358411,0,0.7820886951655286,True,False
extend1,11,4.8,0.025,7.83296280006539,-7.83296280006539,0.9112406148917911,12.7614919860235,1.4552997344416956,66.43600819766182,15.22327908244914,0.33084998122143183,0.022453356555015572,59.07567130632079,9.316164659222139,0.21890857937419234,2.8852927529172194,-37.289268354721834,0,0.749583467701931,True,False
extend1,11,4.8,0.05,7.654777430195606,-7.654777430195606,0.8256333216128416,12.692124858735934,1.410096516163121,66.44196744483331,15.22314104591793,0.33115080295673277,0.02235784421075412,59.17865203772952,9.250719282832966,0.20243045120159034,2.6939308103637827,-37.09865025773679,0,0.717955701816887,True,False
extend1,11,4.8,0.1,7.288790548052967,-7.288790548052967,0.6674026040241853,12.535432519129085,1.325249751631231,66.45389050388643,15.22288048621648,0.33175244149901334,0.022168589988056323,59.36930831093723,9.131032911054128,0.17230515951284314,2.3489125680909746,-36.71207944062119,0,0.6574065237744964,True,False
extend1,11,4.8,0.2,6.528988272405501,-6.528988272405501,0.40474044409783394,12.156538710367538,1.1779714464749893,66.47774630470668,15.222419325284383,0.3329556988706046,0.021798104538904607,59.693554910619405,8.932978879254772,0.12365757437496361,1.813099863100088,-35.927616589442316,0,0.548186913350002,True,False
extend1,11,4.8,0.4,4.97954016688065,-4.97954016688065,0.21141124423166868,11.191656898862494,0.9946493038486522,67.47603874122402,15.221718250291664,0.3353621347618279,0.021095590830111092,60.14829632189963,8.67799218077165,0.07830034687686399,1.3586292628885364,-34.38850013778439,0,0.41134606649784056,True,False
extend1,11,4.8,0.8,2.2869516127331164,-2.2869516127331164,0.51287959315414,9.436461668039128,1.0620431271017652,70.48047798704032,15.221035060586837,0.3401746911313586,0.019879239111195223,60.54164716156145,8.589292129398952,0.10441180501201504,1.6266243226010417,-31.889294551938626,0,0.3385583053598595,True,False
extend1,11,4.8,1.2,0.7082868182228105,-0.7082868182228105,0.5568296770939435,8.645252181715211,1.3638267391902938,74.27750805856202,15.22098672159046,0.3449868269418875,0.01981116386445652,60.71439131958856,8.873933593781679,0.10895233984349018,1.7159302176527522,-30.572150935034188,0,0.26895027900595075,True,False
extend1,11,4.8,1.6,0.29939006623967246,-0.21740853716453484,0.4030972535898204,16.596870380831113,2.6205747452175694,130.1740518655102,15.221231806367234,0.3497985421831639,0.01981116386445652,61.38388541245753,9.325524046648667,0.09401110898985951,1.4392293844693005,-30.185532443811116,0,0.29687091866109616,True,False
extend1,11,4.8,2.4,1.5478666202797045,-1.5478666202797045,7.364809310364635,23.41092406457496,12.420413405739664,174.28269319677935,37.752460094357524,0.35942071091792355,0.01981116386445652,62.7326172602027,11.403055647499862,1.230536009750557,16.89901467223813,-30.467929999126323,0,2.316634623942936,True,False
extend1,11,4.8,3.2,0.8210763244195963,0.6380685718847732,22.390333451880743,18.213831271886896,22.502002180276143,153.7046072583568,43.91275321250357,0.3690411972552981,0.02034336764919299,42.51141801013371,29.079692463383637,3.9233026919757505,47.98120434906657,-28.22123531542635,566,6.158098880644408,True,False
extend1,11,4.8,4.8,1.3026393515743424,-1.3026393515743424,10.938038778226954,15.952668657630046,15.912712988988767,168.01498363109775,47.836186896271855,6.677355223721444,0.5978744926609759,62.89004508101202,14.962909176664226,1.8782097753026865,24.41523525445846,-30.925482289986494,217,3.1925922177625816,True,False
extend1,11,4.8,6.4,3.0345958081437354,-0.017161089550889234,17.2166411166643,27.864225317369716,23.496646183092114,169.52903197113167,67.53010381128853,102.87815715958128,23.10526601872642,57.76963427536369,25.888113538225593,2.8150768250952938,41.757300805443855,-30.390929148309993,3057,5.072024074392717,True,False
extend1,11,6.4,0.0,6.726938264340651,-6.726938264340651,0.7479161220753225,44.8001460700496,8.194188787881691,172.69678309378403,20.90713428246893,0.39920098559319644,0.026443923912347046,84.92579956306638,12.81158754048085,0.22044836600340215,2.409636802709083,-35.02913117885104,0,1.0305524679778075,True,False
extend1,11,6.4,0.025,6.449631023546938,-6.449631023546938,0.6980705009281807,44.80463159193003,8.549275514394477,169.5384287156973,21.788679198774354,0.3995013362501302,0.02634859141430915,94.6536173645597,12.756778932794141,0.20933076369199713,2.3015511871355905,-36.72085276578511,0,1.0100651506949934,True,False
extend1,11,6.4,0.05,6.57583668081824,-6.57583668081824,0.6651313341933893,44.557770923008476,8.900236918022703,175.9149394182907,24.150840049790066,0.3998016852648287,0.026254474168681128,108.89410463049164,12.677353228760103,0.20868056727883838,2.224753792784384,-36.977061568095046,0,1.0118181330918252,True,False
extend1,11,6.4,0.1,6.693701920207561,-6.693701920207561,0.6091652817163331,44.69576635330757,9.615233257457778,171.88545363276108,29.296346282636073,0.4004023783668253,0.026070681670412606,152.25480166038653,12.383579344587234,0.18925679592782602,2.162274293986061,-35.98977315717242,0,1.0165527905839815,True,False
extend1,11,6.4,0.2,6.6017995338689675,-6.6017995338689675,0.7124736199577415,45.373723410496666,11.155656765119815,178.08100124828732,39.8663113259871,0.4016037448620367,0.025727319291369087,128.88871591984122,12.01461814067491,0.20051464340814987,2.3796186350502357,-36.790607063640316,0,1.0686047167232942,True,False
extend1,11,6.4,0.4,6.637603439769028,-6.637603439769028,1.4151391188543696,48.846926503852174,14.883260971662725,174.6689178172694,59.98784339441996,0.40400639901612523,0.025207244331041982,166.4983170206689,15.165005689280525,0.2909016026119648,3.939762929997962,-35.86573968956162,0,1.3359132113201375,True,False
extend1,11,6.4,0.8,8.372995362076454,-8.372995362076454,4.319630750165512,40.47543361133368,17.671415196654337,165.23959010006564,85.2763268375342,0.4088113919749813,0.02596018715316198,162.42932380273345,33.99380409284849,0.740206365702265,10.484418785055642,-37.95500508514613,0,2.124601350064065,True,False
extend1,11,6.4,1.2,11.09635137130239,-11.09635137130239,7.072570016604464,27.826882202809696,17.68211643225869,171.71995458251246,93.49311820160666,0.4136159644599509,0.03601717612083069,165.7194493260129,31.668415809992617,1.188770044566383,16.61055784272498,-41.12105576340847,21,2.8437742288549877,True,False
extend1,11,6.4,1.6,13.442882082129273,-13.442882082129273,7.244374571936812,24.107291016219143,17.300430257408287,155.42727510974214,95.0200348298704,0.9231905401400424,0.08732449440640021,175.86575836998583,21.07690018499425,1.2245536372049355,16.691268917301244,-42.474507441246125,0,2.9668186078043925,True,False
extend1,11,6.4,2.4,82.85155913526646,-6.437288985338536,49.042332905952705,66.68704051671386,40.525567236544596,171.3352884325722,84.87835553716343,10.172600988405387,0.9080432813934761,177.86175870285822,60.94388493060493,25.751606160315056,100.21682291017514,43.17168364685834,968,17.621068992076147,True,False
extend1,11,6.4,3.2,4.977173031482941,-0.07027951426811026,12.992430070166558,54.34867035807959,25.336947493328303,174.43870460114655,99.80991650011039,79.74581009684893,7.858468221624274,99.73153993230733,60.252288525108774,2.549611855126803,32.77513664156785,-21.780147995451433,4275,4.3638741654548205,True,False
extend1,11,6.4,4.8,112.84058663809108,77.99246340928349,15.649599760753592,71.10307768418116,53.49859898074212,174.78527412788958,241.01178820234898,116.77237415016593,39.34695268516054,168.5087120805582,32.34400032832889,3.540840700859987,49.61881090320806,-11.675699496439286,5038,11.021115033525543,True,False
extend1,11,6.4,6.4,2.142705090937333,1.8640690299501794,7.479617760233765,22.939547253840395,16.751079085924935,169.43028327188975,97.26346371224022,177.6257856999968,40.58855489496377,177.34527854867574,232.74988995230436,1.4067346809559693,27.96862250324171,-32.781392416008785,5546,2.441913030967784,True,False
extend1,22,0.0,4.8,2.3566499360989845,2.3566499360989845,0.18095073063018088,3.182815355281545,0.6218727130987582,29.86626606424404,15.405036731653404,0.14054195318004545,0.011908307615814826,27.69439933284239,5.047195706541466,0.09263541538725203,0.88198895415229,-27.69439933284239,0,0.19975495959799028,True,True
extend1,22,0.0,6.4,2.3987287837826696,2.3987287837826696,0.17125752000936212,3.6833882983033925,2.1001465582293943,29.8661112623098,15.404971268711193,0.14054195318004545,0.011908307615814826,27.669615589917864,5.085411982312729,0.09616675202324684,0.9607080719150061,-27.669615589917864,0,0.22776184190984203,True,True
extend1,22,0.025,4.8,1.7141070658082487,1.7141070658082487,0.14595975142378848,2.5634493216400758,0.5945852035455004,29.873603295902907,15.40536413010773,0.14054195318004545,0.011908307615814826,28.342648743157586,5.077776420275365,0.08324328849687418,0.8432782299435033,-28.342648743157586,0,0.15327281332907097,True,True
extend1,22,0.025,6.4,1.7435856921733421,1.7435856921733421,0.14066676980848508,3.2318316513751277,2.1532532263128568,29.87316903040654,15.40531750889635,0.14054195318004545,0.011908307615814826,28.33156235773923,5.122752805803628,0.08890446770312617,0.9319923444188362,-28.33156235773923,0,0.18446178373585656,True,True
extend1,22,0.05,4.8,1.1787398456415026,1.1787398456415026,0.11700074813438659,2.006105948088183,0.5709407487330247,29.880659052936196,15.405683543804557,0.14054195318004545,0.011908307615814826,28.876901975436823,5.1036668452963,0.07611558514653799,0.8143093213179367,-28.876901975436823,0,0.11423382608459332,True,True
extend1,22,0.05,6.4,1.1220360979817192,1.1220360979817192,0.12985466704661694,2.8096331777266954,2.2193815546666498,29.879958688912417,15.405654549260298,0.14054195318004545,0.011908307615814826,28.954831453559628,5.159664666859115,0.08536309414926081,0.9145620318456998,-28.954831453559628,0,0.14824348596314646,True,True
extend1,22,0.1,4.8,0.3838850236394797,0.3838850236394797,0.07355596379547913,1.1289556793139757,0.5334652316609994,29.89396495218931,15.406299128333842,0.14054195318004545,0.011908307615814826,29.654477985263565,5.142833747469631,0.06684081421803933,0.7778072013872123,-29.654477985263565,0,0.05570795827645042,True,True
extend1,22,0.1,6.4,0.03961076305095204,-0.016240771378642986,0.15332900608408145,2.0922879562805408,2.385820987276705,29.89277075790434,15.406301944522108,0.14054195318004545,0.011908307615814826,30.081010469462846,5.230805250628817,0.08534116553949092,0.9021428152982954,-30.081010469462846,0,0.09673252570264936,True,True
extend1,22,0.2,4.8,0.3786042339830426,-0.3786042339830426,0.026558272397198608,1.2533194537415109,0.4958215892832465,29.917609301142566,15.407442134696483,0.14054195318004545,0.011908307615814826,30.35574294480022,5.182416970425841,0.05966495984708514,0.75720275363613,-30.35574294480022,0,0.044115768535239644,True,True
extend1,22,0.2,6.4,1.874955775649569,-1.874955775649569,0.24465635483910111,3.2912614628147168,2.7763719218985523,29.915569378998384,15.582175445706085,0.14054195318004545,0.011908307615814826,31.87137589166986,5.363436316178865,0.0947617713603275,0.9265405348377739,-31.87137589166986,0,0.22770461062843111,True,True
extend1,22,0.4,4.8,0.2676775399939883,-0.2676775399939883,0.01902991969943598,2.3874514108902014,0.5346025492144816,29.954840082400352,15.40941146521153,0.14054195318004545,0.011908307615814826,30.184048439175292,5.1866249224964935,0.06258470007487775,0.8017737082327926,-30.184048439175292,0,0.04677212112012188,True,True
extend1,22,0.4,6.4,3.9506535919721366,-3.9506535919721366,0.392466138289983,6.711923750957025,3.565490836628558,29.951592347790612,16.148309046281447,0.14054195318004545,0.011908307615814826,33.52545118468748,5.564694782215969,0.1055971659112814,1.1292921789983263,-33.52545118468748,0,0.4098415662890216,True,True
extend1,22,0.8,4.8,0.694758301601853,0.694758301601853,0.06886965613702078,3.2368686638986106,0.6829709850449314,34.06681600709103,15.41233347090194,0.14054195318004545,0.011908307615814826,29.511388927344445,5.1695151049335095,0.0900425374918744,0.9582803950874407,-29.511388927344445,0,0.09008889126521749,True,True
extend1,22,0.8,6.4,2.022379690623685,-2.022379690623685,0.7207724530207404,11.737195788615907,4.714143855403754,38.824600502837406,21.230073823606258,0.14054195318004545,0.011908307615814826,31.067342954247714,5.881951033650296,0.17125974333608282,2.503531403952006,-31.067342954247714,0,0.4561505570608443,True,True
extend1,22,1.2,4.8,1.2128208647874659,1.2128208647874659,0.160726876609333,4.419402857697454,0.9188019144848841,44.16180218647075,15.414282014070418,0.14054195318004545,0.011908307615814826,29.725895897760854,5.167250280753708,0.15606549807043413,1.3053113977786541,-29.725895897760854,0,0.1526642227170429,True,True
extend1,22,1.2,6.4,0.8468885284534743,-0.4967610637250518,1.6167794206983312,13.06205161332249,5.623375653886404,61.07409254456315,27.710475202492507,0.14054195318004545,0.011908307615814826,29.13838581143377,6.553009585148928,0.31441084376637374,4.6039241515448115,-29.13838581143377,12,0.6472749348109963,True,False
extend1,22,1.6,4.8,1.5748742804664195,1.5748742804664195,0.30968297624562685,5.71056925006252,1.4028843367069694,50.872834872063855,15.415594686218851,0.14054195318004545,0.011908307615814826,36.43300071381448,5.22345404169339,0.22481837388715747,1.8054457277377207,-30.18285616850629,0,0.22667548184680045,True,True
extend1,22,1.6,6.4,0.6002266031006063,-0.510676873717238,2.8016567845019815,11.328223271829973,6.218682042587396,82.236573451936,32.0826487031583,0.14054195318004545,0.011908307615814826,29.58322102883323,7.106008622371332,0.47237408516459334,7.132883122143253,-29.58322102883323,12,0.9264398385553735,True,False
extend1,22,2.4,4.8,1.6215870844983633,1.6210853785004367,1.1524789817683796,11.70463468682119,3.6721839959116083,79.0319199998004,20.28002349919413,0.14054195318004545,0.011908307615814826,44.948161919514185,6.177397258112611,0.30711030337115774,3.4742447550002544,-27.456720316699812,0,0.5267407285263336,True,False
extend1,22,2.4,6.4,0.9893296540064014,0.9893296540064014,5.933896954842925,11.376433912241023,9.036642745076978,97.5488416004768,34.38775208736057,0.14054195318004545,0.011908307615814826,29.440679408373253,9.459571707741707,1.0015891858373356,13.841200205784716,-29.440679408373253,496,1.7754018985404614,True,False
extend1,22,3.2,4.8,0.8430241930858994,0.8430241930858994,11.717680957851977,18.355822833315344,14.295947070472248,132.09629038483018,40.583524466474806,0.14054195318004545,0.011908307615814826,28.99257414302229,16.758863517635632,1.9107354172752515,27.01855962109972,-28.99257414302229,1849,3.3581305457751824,True,False
extend1,22,3.2,6.4,1.557511926436875,1.557511926436875,9.870459075519395,14.064638346189057,12.71349253005624,97.39437085389633,39.86902962426382,0.14054195318004545,0.015651058734533582,28.624288448872996,14.429834701121393,1.5772105587873102,23.912573376380745,-28.624288448872996,2378,2.8704324907999386,True,False
extend1,22,4.8,0.0,5.32721340911841,-5.32721340911841,1.2001048836564627,12.289326450665916,1.8000837303990462,74.02281333745273,15.420429825489112,0.14054195318004545,0.011908307615814826,60.678317555634436,8.199560497780038,0.20192624592583402,3.044577677177802,-34.75973239121832,0,0.6982110779752431,True,False
extend1,22,4.8,0.025,5.298353254892649,-5.298353254892649,1.140508728532504,12.27807792245945,1.7603550790111513,74.00288489650671,15.420383944078687,0.14054195318004545,0.011908307615814826,60.70094595426397,8.162505441137332,0.19336880478951207,2.915193908056559,-34.73682308207389,0,0.681126132777521,True,False
extend1,22,4.8,0.05,5.25935531319233,-5.25935531319233,1.0832691186277157,12.258795102614785,1.721956535204147,73.99299275779175,15.420339141574985,0.14054195318004545,0.011908307615814826,60.7230513586362,8.126985577994619,0.18526694926687143,2.7913501661903926,-34.7035813984061,0,0.6640782158645467,True,False
extend1,22,4.8,0.1,5.153037432658758,-5.153037432658758,0.9758167265149664,12.197375388613684,1.6491419106000371,74.00263435251864,15.42025277662431,0.14054195318004545,0.011908307615814826,60.765278279255774,8.06058428208127,0.17041509870623045,2.560104628378887,-34.608329306602734,0,0.6301976114118921,True,False
extend1,22,4.8,0.2,4.842538797305884,-4.842538797305884,0.7884903401511533,11.991998733461406,1.5192792151154921,74.1344964099037,15.420092974606439,0.14054195318004545,0.011908307615814826,60.83931659578714,7.946379437900927,0.14592711336399775,2.161513269900227,-34.319295914379396,0,0.5640076714583245,True,False
extend1,22,4.8,0.4,3.9545067723601166,-3.9545067723601166,0.5183507804771544,11.32088657488904,1.3204362748799985,74.80327969154972,15.419824069701244,0.14054195318004545,0.011908307615814826,60.9340265427482,7.790539087102665,0.11505005551448226,1.5990180161217755,-33.48067576575177,0,0.44322951132019334,True,False
extend1,22,4.8,0.8,1.9515595171515823,-1.9515595171515823,0.3291946408702723,9.432755171337813,1.1463394058018173,77.3579294594231,15.419471419720926,0.14054195318004545,0.011908307615814826,60.93900383499565,7.731589722268469,0.09358920023454133,1.1738258372905854,-31.642293682468406,0,0.27721396521214237,True,False
extend1,22,4.8,1.2,0.6314101198076552,-0.6314101198076552,0.3447845795721082,8.355433988925185,1.2757298050460844,80.79800859349196,15.419315192632993,0.14054195318004545,0.011908307615814826,60.972211694150246,7.893748180708885,0.08231638701028417,1.1331073926475121,-30.52964695536234,0,0.20824052571017335,True,False
extend1,22,4.8,1.6,0.30146184780633223,-0.30146184780633223,0.3972974046057683,12.501151496922379,1.989052920587112,156.44938310544768,15.41928541152009,0.14054195318004545,0.011908307615814826,61.584703495755505,8.00460506707509,0.07747822372058122,1.181125913349487,-30.287357837217357,0,0.2510745707315875,True,False
extend1,22,4.8,2.4,6.573797094687213,-6.573797094687213,13.10381938804195,34.239930275441566,16.137354802193492,179.7379542958638,33.20279569697478,0.14054195318004545,0.011908307615814826,52.110714971074245,20.31750600570264,2.250800316059099,29.55087591090973,-34.72484549838783,0,4.153659722049892,True,False
extend1,22,4.8,3.2,0.5624651527760741,0.5624651527760741,16.655555085701828,17.87697828676665,18.560639584679354,144.4677930971011,47.49412789415273,0.14054195318004545,0.011908307615814826,39.17264620503641,23.22573347119336,2.9338617917819567,36.323727586129095,-29.15584736815703,4,4.644265272706913,True,False
extend1,22,4.8,4.8,0.19798195147419478,-0.19798195147419478,12.655413679251055,14.071939862055478,15.705969605218655,144.46435662297344,40.96644640815462,0.9625209186507295,0.21631484830977088,40.46366122845458,17.989554423842055,2.091249986936776,28.199547211773183,-30.131347952211094,1201,3.547652173184953,True,False
extend1,22,4.8,6.4,32.53763351504337,-7.768203228925768,23.474080032090686,25.99694465408312,11.240995896089442,126.25620560579704,67.70275501988606,143.9318716978893,13.861022410595869,70.32705724806387,35.52463579819509,18.296621467162574,101.67109303673635,-30.932189819933093,4861,7.895719292756406,True,False
extend1,22,6.4,0.0,2.6341391793035083,-2.6341391793035083,0.9438694083950724,20.172926635720067,2.7993023126783365,169.2720852826755,16.44184535107974,0.14054195318004545,0.012917917061821983,66.24775218926864,12.506164329708572,0.15673196865697633,2.4112095983759443,-32.1084542110414,0,0.5815222668955705,True,False
extend1,22,6.4,0.025,2.630020256210252,-2.630020256210252,0.8986459204851782,21.035607656330747,2.8506987740699556,176.07782807878664,16.50760222692517,0.14054195318004545,0.012893034902605231,66.37074734529374,12.507971439747331,0.14997435849223903,2.3089150915655368,-32.099838210301286,0,0.5780392687291706,True,False
extend1,22,6.4,0.05,2.6204029178769197,-2.6204029178769197,0.8548618749716799,21.84028902648522,2.911928342671679,179.9670784728609,16.573678663714368,0.14054195318004545,0.01286812858741798,66.50458660570172,12.510251175548945,0.14348161329287676,2.2103716427759728,-32.08665476621277,0,0.5743185516658369,True,False
extend1,22,6.4,0.1,2.5852526593011556,-2.5852526593011556,0.771745845916586,23.30805590683452,3.0675537420250953,176.04120730729346,16.706771931658093,0.14054195318004545,0.012818326733304714,66.80878660586781,12.517075967864894,0.13166703224211412,2.025436183322756,-32.09997131040193,0,0.5665563208250981,True,False
extend1,22,6.4,0.2,2.3793621071597544,-2.3793621071597544,0.6296356575474799,26.96528891398203,3.5299123011384665,173.74144383203068,16.976594803969412,0.14054195318004545,0.012719454179176932,67.71172589958076,12.553501600715448,0.1222149920389141,1.7133332491331057,-32.65543695668327,0,0.5587660662688659,True,False
extend1,22,6.4,0.4,2.5845566025773516,-2.416931893209447,0.9928514933095116,40.5289004451414,5.869920508089055,176.84932779898494,17.529824720776542,0.14054195318004545,0.012532522291774324,76.03900447978856,12.077909999396526,0.790437576026046,2.733342631025633,-29.8999923541946,0,0.8110952742913953,True,False
extend1,22,6.4,0.8,1.7983898372094735,-1.4279698812680905,1.1608570088682486,42.98639622770882,8.097387963791794,164.63121938210267,21.155883280596793,0.14054195318004545,0.012350178906996573,121.20887469597146,12.53033952137827,0.2390391337514838,2.8524273472204804,-30.427132304867055,0,0.8706639734880472,True,False
extend1,22,6.4,1.2,1.4904271100192064,-0.07209992506473022,3.438481447882561,48.047576862348045,11.415917786044435,177.74656652919126,30.094122530659916,0.14054195318004545,0.01402526059414471,169.13633747833444,21.827391810170596,0.5927030408410047,8.104727701127342,-29.284416407159735,0,1.5210727956716321,True,False
extend1,22,6.4,1.6,0.414589647394848,-0.3728706551160189,8.672902939514746,30.318841474051833,15.44201343034788,164.575509216892,56.00528239861459,0.14054195318004545,0.020461123408313176,158.19546637301633,25.708675081350336,1.4143306420667543,19.721763032125303,-29.737023180080445,0,2.6939327104202313,True,False
extend1,22,6.4,2.4,1.9368224834723264,-1.9368224834723264,20.120908383288803,21.73944957091917,23.016906802249395,175.7855871935385,65.05349333359015,1.0488143485168524,0.17010936311186836,75.63810206725964,31.254864827529016,3.421782064858577,44.044558834078586,-30.7812457827342,124,5.684323548156245,True,False
extend1,22,6.4,3.2,103.03291226973495,-49.84146387977013,156.22995318593863,41.72752648622698,41.708403107661255,177.60689649772885,381.8817383998427,11.741197441698876,1.7761209662646005,179.2090396851784,312.120120870455,88.00555106511723,312.60986403961175,-13.965622347706399,3431,45.23837315205697,True,False
extend1,22,6.4,4.8,74.43087144857198,-24.646703373930364,22.892258814079504,51.10842971409774,17.549817956029692,175.37549798291707,76.57032531812469,158.63683122791014,40.321473883711825,160.09971997500801,52.0173713766355,13.177845770162389,76.76892186789146,-3.2876170557088322,1703,10.157273588206964,True,False
extend1,22,6.4,6.4,73.64302429313534,-35.45915042337879,18.78554820014476,40.15145977891292,26.341425579120777,172.1423544172108,90.58174154776893,160.91956795917488,51.60693986583597,81.11796906992868,37.303704943566665,6.109564624400733,67.87575047331731,-70.64771713148075,7119,9.143549213489793,True,False
extend1,33,0.0,4.8,1.65787492664817,1.65787492664817,0.20519807426519635,2.634490576824209,0.6318568608598374,30.47713604435616,15.269302270075713,0.4777013563538863,0.024106540809561452,28.333570487666048,5.0865303561327,0.07320760433370349,0.7328686111754225,-28.333570487666048,0,0.16647181154969098,True,True
extend1,33,0.0,6.4,1.6759599893696528,1.6759599893696528,0.18180444572535265,2.6673788031000467,1.8326724697967265,30.47602262308286,15.268206628255001,0.4777682536923518,0.024348583375798774,28.307261476220706,5.128757701669056,0.09383211426045776,0.6702751016888537,-28.307261476220706,0,0.18142289618377097,True,True
extend1,33,0.025,4.8,1.1500334949618458,1.1500334949618458,0.16504855676175814,2.148094701813048,0.6022538302695148,30.456153196294306,15.27035171102464,0.47252945759447207,0.024114439767142382,28.839733788284097,5.117149054879048,0.06357023216892298,0.6888767205269846,-28.839733788284097,0,0.12650535198092022,True,True
extend1,33,0.025,6.4,1.167948338837592,1.167948338837592,0.1482751350992067,2.338725589211808,1.8427028030471626,30.455415854129328,15.269271328835348,0.47400905760786255,0.02435545835434692,28.82050998714645,5.163522931771857,0.07654795359151098,0.6366926297435467,-28.82050998714645,0,0.1450651035523869,True,True
extend1,33,0.05,4.8,0.7048967466718594,0.7048967466718594,0.13290246397900748,1.7033204079968993,0.5784422009326857,30.435811003268405,15.271367968288713,0.4702571927819128,0.02412238584273741,29.279092281997904,5.143909905747476,0.05847462839120243,0.6583066202894031,-29.279092281997904,0,0.09211646001153283,True,True
extend1,33,0.05,6.4,0.6779992406874622,0.6779992406874622,0.14031801968406793,2.0164918224134873,1.8680164715185206,30.435503607103858,15.270299756672568,0.47204998868746917,0.024362380607817317,29.314108021750304,5.19802350970546,0.06398741121033857,0.6263354593920638,-29.314108021750304,0,0.11630671043495543,True,True
extend1,33,0.1,4.8,0.0157098274482936,-0.00881813948836822,0.08706533750767599,0.9975932386149566,0.5477904129830413,30.396987192441852,15.273303804821811,0.4670214079837762,0.02413841916147705,29.968842934958857,5.185384495779564,0.0588303681508953,0.6261406703855109,-29.968842934958857,0,0.03981592647934461,True,True
extend1,33,0.1,6.4,0.20368204158244532,-0.20368204158244532,0.1661789702029664,1.7743965134241744,1.9547479007587891,30.397690993989936,15.272251164568587,0.47089038967556657,0.024376366778270254,30.190370255375544,5.2611505126233995,0.05079740477348863,0.643554106668775,-30.190370255375544,0,0.09845580741752918,True,True
extend1,33,0.2,4.8,0.8846371594652339,-0.8846371594652339,0.0433562888196999,1.2124280422582236,0.5373141036163147,30.326369463135524,15.27680827011642,0.4647971429172545,0.02417104915245031,30.760928133950955,5.225163497627311,0.07925366309333429,0.6381561196741521,-30.760928133950955,0,0.07395413941295804,True,True
extend1,33,0.2,6.4,1.421811502033395,-1.421811502033395,0.22115405229686508,2.933992642304127,2.16861360272616,30.329633585718327,15.275755037953239,0.46866644283851744,0.024404904630541974,31.343931974292495,5.347208683018921,0.04962589515107367,0.7180013021187678,-31.343931974292495,0,0.18626388965139687,True,True
extend1,33,0.4,4.8,2.089851084058995,-2.089851084058995,0.09796489881293066,2.383866870803656,0.613088745757901,30.21019877678653,15.282495518816768,0.4603489847507736,0.030981119437834593,31.705730341159594,5.2022798763961875,0.17680882188164299,1.0327850005613923,-31.705730341159594,0,0.15886712612624393,True,True
extend1,33,0.4,6.4,1.79100795870046,-1.79100795870046,0.2618138691179101,4.917799955099562,2.586525437264989,30.220260196525825,15.450198462236173,0.46421892095436057,0.030516464956853086,31.748882566614878,5.356019800791819,0.07658382949360122,0.9412941356074762,-31.748882566614878,0,0.2382490190440065,True,True
extend1,33,0.8,4.8,10.169859143960297,-10.169859143960297,0.8102408164300545,7.35241862357571,1.174637893330011,34.48868515946081,15.289625641648557,0.45763133023436753,0.043642861245178556,36.17815229578183,4.969433243738721,0.794621196686706,4.850682120799341,-36.17815229578183,0,0.7915167461315681,True,True
extend1,33,0.8,6.4,7.167218972435985,-7.167218972435985,1.2797202446890237,10.24282741445497,3.597807280726932,38.675958279842845,18.208914473431612,0.45763133023436753,0.04264049882753108,41.23667522592859,5.0061370755675645,1.0509325579971374,6.322580627591099,-41.23667522592859,0,0.822435605579986,True,True
extend1,33,1.2,4.8,23.07839713789265,-23.07839713789265,2.0865564707106152,14.347823129840183,2.0247774892136383,44.49518790342893,15.292737313023927,0.45763133023436753,0.0505310298918847,53.519561184859846,4.418575422432199,1.736075232846737,11.521907054748057,-30.83820287922803,0,1.8282087668179094,True,True
extend1,33,1.2,6.4,13.1077907607052,-13.1077907607052,3.7989281473522984,19.36880018145495,5.1411501858499244,63.377662555486054,23.687903924556622,0.45763133023436753,0.04869372723996234,54.70207914688995,5.910575890977003,2.4448843566741076,16.734094048238667,-54.70207914688995,16,1.8505339650431378,True,False
extend1,33,1.6,4.8,32.94962587250556,-31.32670664056983,2.8658944843977485,19.32246381549232,2.7373779644382474,50.92312442703743,15.293338767043094,0.45763133023436753,0.053705759311034815,64.7564253102123,3.9426276353417182,2.2831609684004825,15.951126235607592,-12.500725725330842,0,2.5697038446322207,True,True
extend1,33,1.6,6.4,3.541435044508964,3.3309540768471506,3.702149458611733,20.971888325084304,5.770326794631194,83.52364364321728,29.935935929623103,0.45763133023436753,0.051373969576685115,32.09703431666655,8.041338351347695,1.3080846374003532,11.567321156616558,-32.09703431666655,275,1.37166123845394,True,False
extend1,33,2.4,4.8,6.582014215804955,-6.582014215804955,2.5452496042526533,15.73707868609225,3.80969911781104,76.10639053956041,18.599159548906194,0.45763133023436753,0.05706305633481597,43.79169681494405,6.901128928056412,1.082572995190891,9.099072000503243,-43.79169681494405,0,1.158805419822661,True,False
extend1,33,2.4,6.4,5.32340793674914,5.32340793674914,6.6182398776243785,16.602327978074822,9.988544321532336,95.013059768079,36.98999156690173,0.45763133023436753,0.05575081138891853,29.412225686666797,10.998778437598062,1.163652223426436,15.598760603828485,-25.364942959628085,2079,2.2222946079159454,True,False
extend1,33,3.2,4.8,0.7729400762074226,0.7574901374027689,9.254908743812104,18.391634662476516,13.26988448134814,130.21726039140978,33.87113656814837,0.45763133023436753,0.058274298499035634,44.491340996769736,13.773869045024458,1.5659499558552135,22.088443149596596,-28.56477134446338,2042,2.7224659897505075,True,False
extend1,33,3.2,6.4,1.1029885917248197,-1.1029885917248197,12.513301046425045,17.843921444707547,17.142697232723126,166.68132997424917,37.55168936272621,0.45763133023436753,0.06118330300443832,30.883152730310616,17.55289330985126,1.9468532826323237,31.06225496218414,-30.883152730310616,3277,3.6122834684723055,True,False
extend1,33,4.8,0.0,6.580266560341299,-6.580266560341299,0.8096476144560217,12.727002042188463,1.5473606857736262,70.87542656847648,15.279563855941545,0.45763133023436753,0.03900911259832659,61.656418126590886,12.269920915422643,0.22597018595206833,2.622235299823831,-36.10887699282755,0,0.6627672533188113,True,False
extend1,33,4.8,0.025,6.512165974738082,-6.512165974738082,0.7728872901958391,12.742387507431923,1.5336300891517303,70.74543481293432,15.279691937854029,0.45763133023436753,0.039080512653503555,61.70727070891696,12.248179673824792,0.21905680530033594,2.5386032329467625,-36.03345709879284,0,0.6500759990300145,True,False
extend1,33,4.8,0.05,6.439919342032842,-6.439919342032842,0.7361274760402008,12.752314585843376,1.5199049218315195,70.62482399990293,15.279822750924616,0.45763133023436753,0.03915309639816472,61.75784812778192,12.227260359740171,0.21216262775685477,2.4555829773711104,-35.954329789462015,0,0.637132172069399,True,False
extend1,33,4.8,0.1,6.2827311717650405,-6.2827311717650405,0.6628173426940848,12.755319279976712,1.4925531132145777,70.41100878299899,15.280092165791995,0.45763133023436753,0.039301727310596675,61.85786453536222,12.187867879881786,0.19848580879827313,2.292163519625612,-35.78473949216823,0,0.6105233443598566,True,False
extend1,33,4.8,0.2,5.916950523316941,-5.916950523316941,0.5185015844638808,12.691476710786798,1.4388195585635934,70.08778623122089,15.280659249801548,0.45763133023436753,0.03961223854947929,62.0509717249107,12.118600348794214,0.17199071421873507,1.9817843750735524,-35.39988929638982,0,0.5547453517109816,True,False
extend1,33,4.8,0.4,4.99454526514995,-4.99454526514995,0.2520248797190231,12.279745483558642,1.340049804002731,69.81688876256784,15.281882469555397,0.45763133023436753,0.04028158398971196,62.38941048918919,12.014342752483893,0.12618719960175268,1.481215746964124,-34.46483833786689,0,0.43696093417773757,True,False
extend1,33,4.8,0.8,2.7493364821688098,-2.7493364821688098,0.2401834249134061,10.534851632778738,1.289534448289317,70.44858482742916,15.430356983395527,0.45763133023436753,0.04177930607890678,62.76473728606408,11.902096930283523,0.09341229308098134,1.3006258095415844,-32.31474301011488,0,0.30637393492840104,True,False
extend1,33,4.8,1.2,0.802563433569787,-0.802563433569787,0.5430274336900056,9.604963335489455,1.6154108824258209,76.39983826260263,16.129207204776076,0.45763133023436753,0.04348142181627204,62.81279929226903,11.839267072307425,0.12461749136640957,1.7754602748865325,-30.610592734908867,0,0.28232199388408624,True,False
extend1,33,4.8,1.6,0.04578514130381633,-0.024379871721346657,0.7806809400031248,22.495300041471886,3.453070993427842,161.4161664483037,16.933931747473174,0.45763133023436753,0.045405772653368454,62.992727366391996,11.090071235589154,0.15428718195979094,2.2640947870066297,-29.995097055979237,0,0.44134305439568616,True,False
extend1,33,4.8,2.4,11.669855168567718,-11.669855168567718,17.10200449715587,26.7253775145796,22.171708351337212,169.5226968489426,47.37135463251927,0.45763133023436753,0.04958744832081486,38.67538446319283,23.072843626676995,2.9929584414964956,40.03660546378866,-38.67538446319283,1016,5.443988178203837,True,False
extend1,33,4.8,3.2,6.477428693639392,-6.477428693639392,17.204992969098946,23.20462938936734,20.227576691621625,166.74554024362737,54.738388633362604,0.45763133023436753,0.05461454307773775,39.9793800259571,23.0117575038648,3.089548545916209,39.56826569895104,-34.95370710645197,1355,5.149007547548193,True,False
extend1,33,4.8,4.8,0.7614341430591776,0.5158810932702789,10.483466879075944,17.839970566123146,14.423154803590657,178.63337782289966,56.05303619566507,1.8547390465591267,0.35209886919594985,61.7039285621142,18.109018171252725,1.7820858047053747,24.945579812376184,-28.456775798327055,1893,3.0432773124172625,True,False
extend1,33,4.8,6.4,0.23423139764300177,0.23423139764300177,14.247042469719371,13.021874710632193,17.897859034241645,138.36698081255895,60.19905008612434,111.82119443704563,11.899619721441438,34.28842080641532,20.094713706016044,2.2083656149072146,34.10160755139742,-29.743180939030488,3130,3.9744364869306867,True,False
extend1,33,6.4,0.0,53.395620621249826,-51.773961543133666,4.346886586184498,45.1639286793906,5.479752126978451,105.88960035317714,22.08602404170856,0.45763133023436753,0.0399435205731526,81.91879452660201,19.415689285282557,3.2994520353443613,9.133842751657694,-27.19126973030104,0,4.222407183384231,True,False
extend1,33,6.4,0.025,70.51064573886694,-66.94452640634863,5.542846109670938,55.712731283904716,6.07166831105771,142.02098280972112,22.119986639962615,0.45763133023436753,0.040025785760089985,85.75447673360836,19.581337163763173,4.223517649782677,11.556176267307983,-24.44521733772167,0,5.474726841580838,True,False
extend1,33,6.4,0.05,74.49153452711414,-68.46027325082319,6.713171461512724,60.70475104039184,6.6484269076130165,154.07419067268276,22.15425869127687,0.45763133023436753,0.04010954991104664,89.91715840358373,19.498064336242162,5.1378459700987795,13.9853083551772,-20.81138345113675,0,6.01737694366547,True,False
extend1,33,6.4,0.1,76.96502976623864,-66.2654337467285,9.068505965691568,63.17186876322884,7.554567246616289,164.46559983720252,22.22372490964699,0.45763133023436753,0.04028161595979232,97.7638611702679,18.816507239048356,7.004271380069044,18.98522678206787,-12.648024700493254,0,6.765250860712976,True,False
extend1,33,6.4,0.2,74.85760840161011,1.9373965321683073,5.8690184921452015,69.7625415542623,9.913897866986103,179.4237801472529,22.36630323161582,0.45763133023436753,0.04064420877787016,115.20054936852455,18.67878709139477,4.606268130971657,12.430872106949003,-19.508369776961846,0,5.953481351281182,True,False
extend1,33,6.4,0.4,3.5568282191397658,-3.5568282191397658,0.4448211341176808,50.634365653694296,10.965397960382202,177.61633871930732,34.78561615970156,0.45763133023436753,0.041446083905529306,162.99620982604517,18.210357973162278,0.17846453562720538,1.543336138804157,-32.174693113368946,0,0.8901729108878185,True,False
extend1,33,6.4,0.8,3.911953068896691,-3.911953068896691,1.4268807633876794,32.833906051312866,12.019986737336884,173.10006769997105,65.33197865095605,0.45763133023436753,0.04338552770977824,173.05239915986138,17.332107822617683,0.3592708628314935,4.862282140769298,-33.551110575211204,0,1.0223387401006834,True,False
extend1,33,6.4,1.2,12.921552342856177,-12.921552342856177,23.28888617090874,23.012355076759977,30.894904299238476,177.72790525764694,84.76898607180318,0.45763133023436753,0.045845140491103054,177.66704186912457,79.97094233494558,4.715372064607238,59.535378265049886,-45.86295478912708,3851,7.164887483209635,True,False
extend1,33,6.4,1.6,20.048932027804117,-20.048932027804117,13.048485436975872,22.58217309247766,25.764806577529885,173.6746082257123,88.27967032134507,0.45763133023436753,0.0772002084000095,162.48653596011292,123.57175071568751,2.7743287039820945,33.510155930781785,-51.52218262976269,3873,4.873746307933087,True,False
extend1,33,6.4,2.4,36.47218744348652,-19.26901494774643,32.001899856983975,26.00075208377127,24.73490984573376,171.53496307808183,98.46073055695601,4.327410959034725,0.7690640525224828,73.11977364846214,43.25047500059798,15.710640346620327,82.84355071014328,-33.87834144743883,5009,10.444922464009489,True,False
extend1,33,6.4,3.2,10.94940201602326,-8.598937654807926,13.751296931204227,29.826522658845107,20.745578599927676,156.4563034659781,85.06036200995693,138.01379609212339,5.7775549006319835,163.90587790919736,34.20267855270834,2.623844943247185,31.703751525884236,-24.1769946586428,224,4.572828731575074,True,False
extend1,33,6.4,4.8,0.39090074711869693,0.09929098101431141,7.076992361418948,19.00868730090996,14.676787192031323,155.1775597802247,71.44643846161037,177.38101291570993,77.1031796814631,179.3017730619216,34.37359831620447,1.4569710669779943,19.488481470850942,-28.66037339907011,4520,2.187015639401773,True,False
extend1,33,6.4,6.4,1.7145589479109808,-0.5373436153585114,13.129857906784803,27.374741264288367,19.970777156707253,178.9683550491704,96.25774228543543,157.43388350973498,64.27903688603688,119.37411516008179,25.999252051190613,2.158184420525674,33.12810368686394,-29.517338538460894,4215,3.9226351561423103,True,False
extend1,44,0.0,4.8,2.294955998144835,2.294955998144835,0.20483408969123845,3.4529211883372684,0.5628009838399715,30.215520315670574,15.21447172523115,0.21682094181114747,0.039149056355302,27.701365727861035,4.8564166523614745,0.08963826553970689,0.8810396653050449,-27.701365727861035,0,0.20392676007338437,True,True
extend1,44,0.0,6.4,2.3282928493188115,2.3282928493188115,0.19136607926038304,3.4725178651614277,1.9259109644706214,30.21579088112234,15.216982334439935,0.22550182799970397,0.039149056355302,27.65508675063408,4.919203318625605,0.08486368920862017,0.8497576577537691,-27.65508675063408,0,0.2246629445637643,True,True
extend1,44,0.025,4.8,1.708455964729892,1.708455964729892,0.16715065081828398,2.945208143421867,0.53775387907112,30.2059534156388,15.213750266587004,0.21626248511861287,0.039149056355302,28.2955124450531,4.8881056845228406,0.08018170540059669,0.8233978683349061,-28.2955124450531,0,0.16054069022564518,True,True
extend1,44,0.025,6.4,1.957503584177258,1.957503584177258,0.16665157075221554,3.2571842027411506,1.9831249062714562,30.206946861517324,15.21617556393761,0.22666108016442607,0.039149056355302,28.04193179793399,4.951714016853805,0.0766949027611542,0.8086847940811775,-28.04193179793399,0,0.19908527532288806,True,True
extend1,44,0.05,4.8,1.208157611167706,1.208157611167706,0.1349491181207632,2.496813451395373,0.5160531832974402,30.196705001314093,15.213046530162236,0.21600163111268433,0.039149056355302,28.796835956321022,4.916156802955795,0.07236668869916471,0.7755796644434441,-28.796835956321022,0,0.12338418040735191,True,True
extend1,44,0.05,6.4,1.5565090755513422,1.5565090755513422,0.16401499465139682,3.0221426159352007,2.058906982855315,30.198413949986655,15.215389851046684,0.22782029131762332,0.039149056355302,28.458407548036984,4.987898391708591,0.07229911091349196,0.7840195600588601,-28.458407548036984,0,0.17765599520156447,True,True
extend1,44,0.1,4.8,0.4422839361865982,0.4422839361865982,0.08431739564045433,1.7271320109276445,0.48419232093804593,30.179131062199758,15.211691107267916,0.2154238242881333,0.039149056355302,29.54857884635604,4.961678362922297,0.060596442595210666,0.7036596551265994,-29.54857884635604,0,0.06549795170818769,True,True
extend1,44,0.1,6.4,0.7116593392708211,0.7116593392708211,0.20793749086530147,2.5604860252433177,2.2577409611600534,30.18224804628049,15.29797768027115,0.23013859059414865,0.039149056355302,29.322871870362018,5.067976583086496,0.07227999466207258,0.7739272928316991,-29.322871870362018,0,0.1457959153993786,True,True
extend1,44,0.2,4.8,0.3258956118591737,-0.3258956118591737,0.02913373115206534,1.0031042196983482,0.4766060243010827,30.147455164024578,15.20918071842274,0.21833716228275338,0.039149056355302,30.25364524062024,5.0158774395419625,0.04820269613207302,0.6278793255146735,-30.25364524062024,0,0.03972509534743319,True,True
extend1,44,0.2,6.4,0.9258707365727468,-0.9258707365727468,0.36189773247699686,2.9543711241543518,2.7779486898225025,30.1532911552814,15.56082190381211,0.23477469706328935,0.039149056355302,30.937339111140822,5.246466221542566,0.09088860940800385,0.8752194263154752,-30.937339111140822,0,0.20677904777699146,True,True
extend1,44,0.4,4.8,0.25405811813762114,-0.25405811813762114,0.052600989426408076,1.6762912133428856,0.5701132448622118,30.096357833226413,15.204901227631188,0.22761224347438058,0.039149056355302,30.111745104909364,5.0319316747652,0.04602285957512144,0.6109978780017048,-30.111745104909364,0,0.04913782260444849,True,True
extend1,44,0.4,6.4,2.877864526489972,-2.877864526489972,0.7443686843838557,6.457383408566242,4.1353906599792225,30.107211370053072,16.25553110612997,0.24404494193828039,0.039149056355302,32.74607656197585,5.656052492054955,0.16428037222239814,1.580221709735024,-32.74607656197585,0,0.45136866863529923,True,True
extend1,44,0.8,4.8,0.9623704324655156,-0.9623704324655156,0.08748524860019027,2.945644910150649,0.7377216269701746,33.63164059082005,15.198852143390889,0.24615453277826507,0.039149056355302,30.574007520658103,4.975212355648347,0.10742555427257656,0.7926436991055292,-30.574007520658103,0,0.10659114964173848,True,True
extend1,44,0.8,6.4,5.52058160496866,5.52058160496866,2.411000211072788,15.621038477839173,7.389274806212899,40.57535287286656,21.322998155923095,0.26257756163823875,0.039149056355302,28.90730637329452,6.560764668976689,1.2993175225230527,9.218682552670558,-28.90730637329452,0,1.1296942380805333,True,True
extend1,44,1.2,4.8,3.9493578740017314,-3.9493578740017314,0.3046996851363968,5.273670816499668,1.1311659610708749,42.72105428678796,15.195379936687015,0.2646863288321459,0.039149056355302,35.63689208291955,4.8987354659405815,0.339772342383495,2.127486191386452,-31.61001968573115,0,0.33607317572741624,True,True
extend1,44,1.2,6.4,2.8369953326339905,2.8369953326339905,5.109383653419113,19.884276968119018,10.991033369917096,60.36405425678633,43.28981050500528,0.281099692131117,0.039149056355302,28.065420713846233,9.743510581160955,1.0325255364428814,12.98382314685164,-28.065420713846233,34,1.7644900365821934,True,False
extend1,44,1.6,4.8,11.982875348522391,-11.982875348522391,0.8920950797286574,9.228591887387472,2.069068222352211,48.84569517563429,15.193721297614179,0.2832076366667911,0.039149056355302,43.870397130637826,4.671402351348711,0.7706260669885688,5.165611345173536,-40.05763809821742,0,0.9328807740399803,True,True
extend1,44,1.6,6.4,0.5340431268428543,0.48038140181937805,7.739617262414072,17.331665495969954,13.229475230149376,72.38647306886963,35.71576616592029,0.2996113384513068,0.039149056355302,29.17188587108102,11.49679074254614,1.2707686651859864,17.836993813482813,-29.17188587108102,1339,2.3222049136628837,True,False
extend1,44,2.4,4.8,4.355938168108176,-4.355938168108176,10.84291890702335,20.593055776254214,16.09956506199975,68.44309547478241,39.71126052629319,0.3202188078169938,0.039149056355302,32.248526753086566,14.647705899902435,1.7610186342161867,24.833436929581065,-32.248526753086566,1257,3.3632002218914656,True,False
extend1,44,2.4,6.4,1.9057201194765754,-1.9057201194765754,9.542675472866476,19.65473669740667,15.110812166182631,80.85079638713263,32.62007191176028,0.33660319872775435,0.04388238740656125,31.006453331153445,13.355296494698656,1.6176805763512276,21.729853734803502,-31.006453331153445,2366,2.8916530421946964,True,False
extend1,44,3.2,4.8,4.571974232099837,-4.571974232099837,11.389973688989356,19.103260639665983,16.193253536624425,83.27856719640332,32.37467157635208,0.35718808653591494,0.0429207697002207,33.355908435265086,14.964162507731835,2.000626680098319,25.754908233463482,-33.355908435265086,1340,3.4998816185394888,True,False
extend1,44,3.2,6.4,1.4238221852671362,-1.4238221852671362,9.92030616509695,18.168465902274384,14.4699726515968,172.60632847096372,48.362394203114214,8.143715107098595,1.3750505049557131,30.808103463372706,13.703777518237228,1.7295186445557331,22.24714297463301,-30.808103463372706,1752,2.939108994683946,True,False
extend1,44,4.8,0.0,2.2597222024924157,-2.2597222024924157,1.5690187710572703,7.66789734198166,2.101055490554837,64.9304101877564,15.228222513663415,0.3819598588359291,0.039149056355302,59.73637103925386,11.138820715261021,0.2618656966991262,3.693578843592583,-31.945277471994885,0,0.6034709194733416,True,False
extend1,44,4.8,0.025,2.3076860513819457,-2.3076860513819457,1.527596181112116,7.718462029412009,2.0783218434113944,64.85781970936084,15.228100106659106,0.3822155217048061,0.039149056355302,59.76491387432387,11.118181807393048,0.2552370960468665,3.6002915902106674,-31.993544640401186,0,0.5955633720041772,True,False
extend1,44,4.8,0.05,2.3511552990748728,-2.3511552990748728,1.4867724446202648,7.763708590045856,2.0560630731153244,64.79372166788414,15.227975599316295,0.38247118206319825,0.039149056355302,59.79469218873891,11.098154601244763,0.2487724297276701,3.508667025694673,-32.037441719573756,0,0.5875442495408149,True,False
extend1,44,4.8,0.1,2.4245655187954904,-2.4245655187954904,1.4069993362017206,7.838109015733363,2.0130112522711263,64.6902490495848,15.227720395318261,0.3829824952487908,0.039149056355302,59.85785787848436,11.060018775670684,0.23637128999140095,3.330661494266651,-32.112066906306374,0,0.5711880258447005,True,False
extend1,44,4.8,0.2,2.517687162475574,-2.517687162475574,1.2553524526047997,7.922068704496627,1.9330150381532263,64.57689553844156,15.227186032750076,0.384005091494995,0.039149056355302,59.9975962012275,10.9918796772337,0.21391719643022028,2.997073519654189,-32.20901502007414,0,0.5373249235208365,True,False
extend1,44,4.8,0.4,2.5020478967144775,-2.5020478967144775,0.9850181558425003,7.836864436218908,1.7989582937088269,64.6822824635173,15.226028202723324,0.3860501634960751,0.039149056355302,60.317952957685236,10.890193317168455,0.17986202186370193,2.4266314394239865,-32.20717805145487,0,0.46605888079276186,True,False
extend1,44,4.8,0.8,1.8700696339264966,-1.8700696339264966,0.5725808336279805,7.559392559090139,1.6495060477140435,65.89724958996409,15.223413617986711,0.39013982557827537,0.039149056355302,60.98722239544936,10.82660868444996,0.15602552109620796,1.6858637060405424,-31.642269569041765,0,0.3265963412936797,True,False
extend1,44,4.8,1.2,0.9788327496403448,-0.9788327496403448,0.3611797200041245,9.67066903914567,1.991596946752546,68.1660248062028,15.220512235722447,0.3942288451895282,0.039149056355302,61.5441396529943,10.911692858872907,0.16238489644658768,1.4435587271534605,-30.895058625834896,0,0.25236790991306207,True,False
extend1,44,4.8,1.6,56.07753746448411,-48.09867386031902,20.682419983136825,72.78003779576682,14.30961464077489,177.8720856239666,39.30832235475002,0.3983172224367578,0.039149056355302,75.87721926791951,39.03097268056576,19.168589179766883,64.00262482523674,-19.10945109036604,420,8.814799416665537,True,False
extend1,44,4.8,2.4,10.564839832702821,-10.564839832702821,11.183794069020731,23.606867348062686,17.75669479981438,163.08458667462466,53.39339378114136,0.4064920502671714,0.04297401274234629,47.12454586307356,17.36658633555483,1.9046824966147227,26.44882954875777,-39.09345291382745,1015,3.811056475349905,True,False
extend1,44,4.8,3.2,6.287927369928342,-6.287927369928342,13.198572041014817,19.73608068865748,17.764798493225662,157.52608212453177,50.241818734928664,0.9673190069436438,0.13201122106493704,38.944775993931835,17.811535137814467,2.301218933163424,29.83927603474574,-34.96003901608799,1141,4.068781203005693,True,False
extend1,44,4.8,4.8,2.7793213509896715,-2.7793213509896715,13.597846799431064,14.719287559061655,16.08768898025702,125.26550033704017,50.61655293715022,122.40765053281605,21.224749794706124,34.151628496171185,16.699610688500687,2.3772036326874977,30.141252495144194,-32.16851676087744,1358,3.923959232037617,True,False
extend1,44,4.8,6.4,2.779398627164855,-2.779398627164855,12.814698941227931,14.61299934672434,15.770968047589642,165.42819024089601,63.46038136833022,134.22758974114828,34.255605540587375,35.64848061075519,16.34244783439262,2.2258560007432235,28.21193203213118,-32.47831499096924,1935,3.7221152175544256,True,False
extend1,44,6.4,0.0,1.7484716103615405,0.22690497676879867,1.2754985124951492,49.293811974302585,9.003547400877537,177.33135926285618,22.717190975250794,0.45572135515268813,0.039149056355302,91.4431881808326,15.037048450584978,0.2851864290284679,3.136580939258413,-27.22834708237266,0,0.9641967626904241,True,False
extend1,44,6.4,0.025,2.365188712641788,0.7142993367300914,1.2407173082988494,47.714728222077284,9.264264786401295,178.69096377572714,24.918372978131668,0.45597641581022463,0.039149056355302,99.65938386444383,15.035835577136925,0.2480724282776119,3.0023715219671034,-29.435054828346242,0,0.9774383734855715,True,False
extend1,44,6.4,0.05,1.267069044212632,0.8367702130988424,1.2054744163776514,46.29288533556125,9.504629961505628,173.62547241799865,26.88176964242898,0.4562314739619063,0.039149056355302,111.86737597425623,15.005833103487278,0.21861556496291218,2.885538108115205,-30.5063372633444,0,0.9058005119037678,True,False
extend1,44,6.4,0.1,0.8422670704107122,0.5751563300295722,1.093693653854309,44.55274691614852,9.927274140321703,178.38468682183588,31.11986040145391,0.45674158274807564,0.039273511456646135,153.12932315426607,14.701524029272486,0.1822358789331922,2.716753176150367,-28.66745542914637,0,0.8490200197219797,True,False
extend1,44,6.4,0.2,0.7327290962440649,0.7157747320396,0.9248206995094863,41.71825684073779,10.633157609594292,175.28570583968045,41.79489505732128,0.4577617702510972,0.040328437990824466,118.82096876610031,14.307286484975318,0.1469397636497341,2.384541547292612,-29.098765136376212,0,0.789238175414584,True,False
extend1,44,6.4,0.4,0.3568359606078214,0.3568359606078214,0.645937522360923,39.15355394832302,11.707175439730323,179.52832302778833,61.81091713012519,0.45980202498845496,0.0424870748368055,177.23046770123713,14.598188802770535,0.1108259298281213,1.9568902863530102,-29.808163093183367,0,0.6968995111921098,True,False
extend1,44,6.4,0.8,3.346661971521873,-0.5389487852956356,2.319840715585566,44.27802908162192,14.8204900643622,175.7270234198054,89.13127006191843,0.46388205343301697,0.0469919242479857,154.70178389493256,55.67499024810415,0.5506203263439022,6.28721837060484,-29.99232054213285,0,1.3584417234853836,True,False
extend1,44,6.4,1.2,12.417711952604403,-12.417711952604403,8.098991532424701,23.675538826513115,20.531253132242377,167.11800543920106,95.3579300111609,1.641054317848412,0.2054632214247321,162.33286676416148,98.1191821267996,1.4443960422725242,20.355157395011425,-44.63383736633468,1743,3.1784076299809065,True,False
extend1,44,6.4,1.6,65.09053889488936,-19.90587061069992,22.31946905543547,28.790255241423846,16.99126069636937,171.22211095746448,114.31772502555017,6.618399788923241,0.9018071365602629,129.54324248840106,83.13980467619066,16.600729346742153,49.18635455199418,-100.23377222333572,2568,9.351947980980713,True,False
extend1,44,6.4,2.4,18.59544315798407,-10.422262912305177,16.14368965449804,37.47169527957868,23.988069135947377,157.6817358242,85.50456123413454,118.67544969521096,12.840154326283656,163.25083619234186,94.59416545841367,5.304442380806778,43.57471352504935,-13.841030344339533,4270,5.669920612839604,True,False
extend1,44,6.4,3.2,19.948410092976314,11.920489968319476,26.485851307521223,28.189074359423188,21.325191585989906,176.8004191724659,78.2060497114944,140.92803194947462,47.71297056823292,78.00972049796448,34.67093797310048,7.5225875492232195,69.52908310813874,-21.884994011709548,2609,8.202243127432647,True,False
extend1,44,6.4,4.8,44.089381980102026,-10.910929559642051,18.649478268650707,39.390765854645316,29.017043566905592,176.82965814856158,108.29982387079804,139.25410918782381,45.45124384079167,146.7171995120657,66.01634078560569,8.335957380169486,47.969865858842496,2.0485824193725213,6443,7.669229747095469,True,False
extend1,44,6.4,6.4,46.045301035833106,8.763181859159952,30.810673830290444,50.94887276913185,19.150183784004902,176.73401131313503,99.05049344965205,156.1287157646005,45.17121647663867,126.16580633466532,45.052092515699215,23.040498713852468,103.90453515790082,-56.15291275518917,5690,10.742418948845675,True,False
extend1,55,0.0,4.8,2.3233675657306403,2.3233675657306403,0.24307957615446116,3.6976575472168234,0.6093336446783149,30.23965035779361,15.390430314101122,0.3404193843563558,0.010610722515678149,27.694838111073075,4.885024430849333,0.10005167608410037,0.9421849888445903,-27.694838111073075,0,0.21770851732120766,True,True
extend1,55,0.0,6.4,2.3207209928517893,2.3207209928517893,0.22556610444858954,3.5563822763496433,1.8545219686288543,30.230033859412895,15.388476779732555,0.3404193843563558,0.010610722515678149,27.670102910117123,4.94302746912398,0.09324412537526007,0.8859072886029559,-27.670102910117123,0,0.23236674127054033,True,True
extend1,55,0.025,4.8,1.5336216664192988,1.5336216664192988,0.19514296760629554,2.974314256328023,0.5761824400907412,30.232188938700784,15.390407268258555,0.3404193843563558,0.010610722515678149,28.49037399364844,4.93007933363265,0.0884489925562275,0.8812409580970902,-28.49037399364844,0,0.15966752311172236,True,True
extend1,55,0.025,6.4,1.7311998623305775,1.7311998623305775,0.1853919887469009,3.1265295055208755,1.8776179098190915,30.22207818458399,15.444743777116637,0.3404193843563558,0.010610722515678149,28.271528333386396,4.985745909516156,0.08202349147843857,0.835516581611011,-28.271528333386396,0,0.1896424340554557,True,True
extend1,55,0.05,4.8,0.8797033100027788,0.8797033100027788,0.15537783540107922,2.3245035183202853,0.547819853016988,30.224872553768723,15.390380990537297,0.3404193843563558,0.010610722515678149,29.140670159140477,4.968912795272714,0.0795209906956053,0.8342623327282027,-29.140670159140477,0,0.11115179179093708,True,True
extend1,55,0.05,6.4,1.176465774014728,1.176465774014728,0.16014893879955602,2.7256509047118174,1.9123294791703824,30.21432276010317,15.522186780863818,0.3404193843563558,0.010610722515678149,28.83422088346103,5.028535241487223,0.07420097725786967,0.8000066641281928,-28.83422088346103,0,0.1528214946518249,True,True
extend1,55,0.1,4.8,0.0742124560780884,-0.0742124560780884,0.09646623065054384,1.3290838443235296,0.5064379375906317,30.210671284375866,15.390319215874005,0.3404193843563558,0.010610722515678149,30.06705972893068,5.028779653895911,0.06719973456367175,0.7719668157842889,-30.06705972893068,0,0.04717800886842979,True,True
extend1,55,0.1,6.4,0.19318518362128134,0.19318518362128134,0.14901882040128372,2.02950035738687,2.0146194021083863,30.19939978596146,15.67873274258437,0.3404193843563558,0.010610722515678149,29.818184695759655,5.110777878995207,0.0651190801698776,0.7610646646913867,-29.818184695759655,0,0.0967450849411185,True,True
extend1,55,0.2,4.8,0.9165060446592198,-0.9165060446592198,0.049776373873210655,1.401101674834225,0.49765168444622354,30.18396600102921,15.390161964970584,0.3404193843563558,0.010610722515678149,30.82612192782601,5.089755976961956,0.05505779175783636,0.727381206594319,-30.82612192782601,0,0.07807680646289239,True,True
extend1,55,0.2,6.4,1.2079452967340507,-1.2079452967340507,0.19386065188662022,2.7975605896588283,2.3010959842790486,30.171815639576646,15.998232032595638,0.3404193843563558,0.010610722515678149,31.166647916116215,5.250680000515996,0.05741666746426487,0.7639291148694924,-31.166647916116215,0,0.16977504030844012,True,True
extend1,55,0.4,4.8,0.7184195240425921,-0.7184195240425921,0.0809092174119043,2.5315400655770075,0.5965959271623472,30.137070669199296,15.389735796038334,0.3404193843563558,0.010610722515678149,30.587044183997552,5.088575768968411,0.05726438006500758,0.761829720388201,-30.587044183997552,0,0.08699274723168444,True,True
extend1,55,0.4,6.4,1.9758778161128219,-1.9758778161128219,0.2838923555600484,5.223853752801446,2.9483745064898903,30.12498777213839,16.711645410094462,0.3404193843563558,0.010610722515678149,31.84279910537157,5.426508487070982,0.07181589245900741,0.9806531749000682,-31.84279910537157,0,0.2614751483299445,True,True
extend1,55,0.8,4.8,0.2633921722151822,-0.21853940033036556,0.16013685573777728,3.210248997395502,0.7653103066552917,35.88053193361844,15.388589489796109,0.3404193843563558,0.010610722515678149,29.808333829400382,5.073774472283646,0.07696221288756541,0.8440009614194732,-29.808333829400382,0,0.09246096789368378,True,True
extend1,55,0.8,6.4,2.8738496962417845,-2.8738496962417845,0.5846847936942224,9.175460701391739,4.152471332913795,45.82143805191215,20.977101866545134,0.3404193843563558,0.010610722515678149,33.23691188044967,5.61557437554541,0.27097315596979255,1.9244016007047584,-33.23691188044967,0,0.43417669452034385,True,True
extend1,55,1.2,4.8,2.963357449862041,2.963357449862041,0.3809137178174714,5.312204908979238,1.1343500801436186,45.61390908651011,15.387265883625762,0.3404193843563558,0.010610722515678149,33.215007686144205,5.163944102224969,0.26476184746971154,1.8943848308934388,-26.626097797385196,0,0.3061998082174541,True,True
extend1,55,1.2,6.4,9.890342125846598,-9.890342125846598,1.260264688208402,16.509107125909402,5.753629601630531,73.11953420363494,26.955619425799743,0.3404193843563558,0.010610722515678149,38.753447578622875,6.060701882006418,0.7717923275736602,4.570833501409488,-38.753447578622875,0,1.0411727266425401,True,False
extend1,55,1.6,4.8,5.904020999009457,5.904020999009457,0.5502428253770811,7.111875400373641,1.7375023096272983,52.24513392801915,15.385931332565727,0.3404193843563558,0.010610722515678149,40.25667520821596,5.282649420291762,0.40506106309291745,2.953574051405236,-23.894564924465207,0,0.5204179452460153,True,True
extend1,55,1.6,6.4,10.204942377196238,-10.204942377196238,1.9436888816741125,19.8177771410111,6.785721966456725,87.0260570878998,32.25204664145949,0.3404193843563558,0.010610722515678149,39.062397328569325,6.738996902749514,0.7639842521615482,5.603663030947542,-39.062397328569325,7,1.2721952920295228,True,False
extend1,55,2.4,4.8,13.90530243783449,-12.097574987312218,1.0526659271170247,24.831661642676263,4.891284845221216,94.22525523001765,21.856108745500887,0.3404193843563558,0.010610722515678149,58.50458147039977,5.737015728684256,1.0713384999060116,7.486135168064299,-20.50286893371192,0,1.2452850723472244,True,False
extend1,55,2.4,6.4,0.5131103571982765,0.5131103571982765,6.273692701405258,14.70770901155187,11.675057222569313,95.14885758919687,40.14963368822414,0.36341538313642097,0.010610722515678149,35.60521709958493,9.191586081243198,0.9980479580703708,14.75114396698188,-29.220874489350255,55,1.907411843839672,True,False
extend1,55,3.2,4.8,0.4120228053424862,0.3188688694858241,8.83526248959927,15.560377107008794,14.540883136091162,122.85177708708572,34.92040798717621,0.34099381342834156,0.010610722515678149,42.78742999949392,10.227770402782983,1.461057849278713,20.344127503899426,-29.166026316630887,274,2.5966827015667073,True,False
extend1,55,3.2,6.4,1.3839190470928053,-1.3839190470928053,9.439109058713743,14.782637101378617,15.490606840549242,106.8025350405235,43.61556483287645,1.9890067264290516,0.1970254668281091,33.778967915361996,10.972494513426529,1.6392597911378122,21.806105221536335,-30.4037078880482,2232,2.805276350403212,True,False
extend1,55,4.8,0.0,6.651841143125807,-6.651841143125807,1.1356339397357302,12.218716985808806,1.992983135450698,69.08341035223101,15.378126115307161,0.3404193843563558,0.015460695500094738,62.43306089665688,12.782122600695518,0.1893978894000092,2.9704115774170954,-36.25781802713577,0,0.7508882675512227,True,False
extend1,55,4.8,0.025,6.642532890577192,-6.642532890577192,1.096279200294521,12.243565981968453,1.9705393658684116,69.00168916526607,15.378048103934274,0.3404193843563558,0.015421348980822102,62.41997035003259,12.740640462727438,0.18357291671990356,2.892260235473534,-36.24723629859022,0,0.7404245167703383,True,False
extend1,55,4.8,0.05,6.623879301217743,-6.623879301217743,1.0580261455891014,12.25979557206895,1.9488363839664296,68.9281479624503,15.377973008458332,0.3404193843563558,0.015382168825073372,62.40729492465929,12.699390412064911,0.1780519313665696,2.817042516469097,-36.22704029916343,0,0.7297091963228943,True,False
extend1,55,4.8,0.1,6.5592982952828125,-6.5592982952828125,0.9848275453723543,12.266540176481305,1.9076694868850956,68.80493849399426,15.377831536022699,0.3404193843563558,0.015304362762835356,62.38336503355503,12.617872806911649,0.16796173627034414,2.675313445826183,-36.158634106853036,0,0.7075640392917154,True,False
extend1,55,4.8,0.2,6.327437761993552,-6.327437761993552,0.8513858033282528,12.178538384054301,1.8343134432029005,68.64925500910329,15.377583132111264,0.3404193843563558,0.015151295532167229,62.34203471312616,12.460699638795932,0.15173383510282362,2.425183878660058,-35.916817840298926,0,0.6606786006812603,True,False
extend1,55,4.8,0.4,5.514514961908704,-5.514514961908704,0.6310371493427385,11.612292642429303,1.722838350250186,68.6621417846115,15.377220052202144,0.3404193843563558,0.01485719133969342,62.287098626804664,12.183588707918492,0.1342324277545386,2.039252111686788,-35.082334908720135,0,0.5584050942201579,True,False
extend1,55,4.8,0.8,3.0655655622426212,-3.0655655622426212,0.3200212966829884,9.82781995044905,1.6368738994003067,69.68122610283463,15.651784383667994,0.3404193843563558,0.01432261822729728,62.2585094294244,11.850863114142399,0.13696333898696195,1.5894419976928564,-32.66293062699762,0,0.34192840741571023,True,False
extend1,55,4.8,1.2,0.7315231473775595,-0.7315231473775595,0.10545119941360266,10.964448525895842,1.9167433451439329,71.80979039578921,16.742834135914652,0.3404193843563558,0.013855472237214134,62.37179362133922,11.85094654470631,0.15366317136654845,1.4293596560311475,-30.570904799706234,0,0.1856286973097102,True,False
extend1,55,4.8,1.6,3.484686671117199,-0.38193245866424197,0.9156437486484444,39.99202521200559,6.20893176952149,147.6081448401973,17.919679185795875,0.3404193843563558,0.013448595387441552,66.44042639490871,11.72070933051747,0.736056670652582,2.4509042004005126,-32.84455197187503,0,0.8378652809735976,True,False
extend1,55,4.8,2.4,7.056457242309058,-7.056457242309058,10.559833046425858,29.80003561721344,18.167050431054736,173.02330532509674,43.00773454220563,0.3404193843563558,0.01321868402718482,57.19208530485584,15.736176340951676,1.8685537119317797,24.064321379188776,-36.70531442734925,0,3.537961983130963,True,False
extend1,55,4.8,3.2,5.655079943020075,-5.655079943020075,15.391264948004633,22.620561827242266,20.692112989776625,170.73409921640527,53.55141498781928,0.3404193843563558,0.026556928587463082,35.278465319978224,18.37825563005573,2.9619252889761407,34.84368638695713,-35.278465319978224,1403,4.657181337447427,True,False
extend1,55,4.8,4.8,5.252703156507081,-5.252703156507081,12.53912912993427,17.418296362077392,17.23989050262478,172.8196592296713,63.347523666782244,36.12786570423586,2.638120860879031,40.32948948521151,15.844045011581255,2.2108125638649296,28.5682329327958,-33.921757386743806,2139,3.824267467225331,True,False
extend1,55,4.8,6.4,1.6896201659758892,-1.6236505740437164,12.517124733233825,12.69779192860181,16.29403669316503,171.11980230912255,64.11806477303432,112.23561709079077,30.674943575115936,98.40529878690572,18.944247983797048,2.1235981956415166,28.432983509287947,-28.802511931095818,2690,3.5858195539724784,True,False
extend1,55,6.4,0.0,5.017716533791597,-5.017716533791597,0.7735137752849047,39.60276893555183,9.79939482242654,173.2036450107656,35.56526407173187,0.3404193843563558,0.017052132205453714,125.38263881767584,16.666147510825578,0.13215331511636177,2.210465382528478,-34.65099867570244,0,0.9344081754055441,True,False
extend1,55,6.4,0.025,5.096007924072437,-5.096007924072437,0.7194773941508059,39.90593071434646,10.011900456265561,167.71191531828708,37.64900451781545,0.3404193843563558,0.017034840662901545,164.98036614673197,16.48560658560161,0.12508145430373718,2.1182785768576453,-34.6432708959446,0,0.9308123120710988,True,False
extend1,55,6.4,0.05,5.18133573401863,-5.18133573401863,0.6635418674646776,39.7610181535393,10.219323468198846,171.87756200761382,39.649738439591076,0.3404193843563558,0.01701845481117599,139.30735653526995,16.29811840655888,0.11763129126910458,2.0320771033651353,-34.64184373190576,0,0.9232764811243539,True,False
extend1,55,6.4,0.1,5.285392123131829,-5.285392123131829,0.557789234227136,39.544128937924064,10.62319014985955,179.36648436682043,44.18777743844473,0.3404193843563558,0.01698905980171367,114.61997411183832,15.925965699580699,0.10489682284181064,1.8780114922881068,-34.834390731477846,0,0.9068328609258072,True,False
extend1,55,6.4,0.2,5.505692645825153,-5.505692645825153,0.3755299835050191,38.30965268433592,11.385027803059154,169.01457889467667,54.18751791512424,0.3404193843563558,0.0169495906773395,137.02856627236545,15.186923334887393,0.08639884727828348,1.6719723573161158,-35.011986573317635,0,0.8744440999333698,True,False
extend1,55,6.4,0.4,5.6478660927155016,-5.6478660927155016,0.25610812644301,36.56194229288315,12.585313898702013,174.49068137866445,71.59818080082647,0.3404193843563558,0.017020605922814278,164.08859472833905,14.167623921148548,0.0771144627635165,1.6165342382892405,-35.11114128801594,0,0.8567455726529396,True,False
extend1,55,6.4,0.8,4.05552184563482,-4.05552184563482,0.4535473126686963,29.02451728644895,12.609067532561658,170.9096365918947,97.23013166266846,0.3404193843563558,0.019203008539430584,165.82665759042195,18.18278861897835,0.10151037428989992,2.0426939252367586,-33.40540775529226,0,0.7640644130739251,True,False
extend1,55,6.4,1.2,5.125135025184436,-5.125135025184436,2.624619767375411,21.488704908023514,13.689050065805997,178.09755323530726,107.19803329799751,0.3404193843563558,0.03320220654300026,142.18858772638825,18.623715806017387,0.4794987437656517,6.910980743859193,-34.51808713521184,0,1.3151615226602311,True,False
extend1,55,6.4,1.6,14.023474388646807,-11.691790545662325,25.12890649475353,21.700642643361007,32.97742242693725,154.09894758831794,115.9731913995105,0.6785588790561738,0.10015715425376448,126.36892873813815,53.470099362672144,4.698623957805926,61.23354159677732,-46.38542747286559,1926,7.703085803497379,True,False
extend1,55,6.4,2.4,25.38537728490526,-25.38537728490526,22.4185777400625,17.23724127919324,28.931784270912914,174.10708585188436,99.34811503389838,16.250165392027736,1.3571424524677917,179.6744961347557,57.48262080911809,3.8753309155818636,54.07157386065146,-62.59673885327218,3792,7.49029854964163,True,False
extend1,55,6.4,3.2,12.002889388589114,3.121646133811369,7.493938661881238,51.0968993364729,29.892559975062607,169.42035775551523,90.71357509860557,119.75607195497369,13.5158087175159,177.45808412700688,25.218420838501405,1.8279171391196385,20.379961679620536,-32.21960835418588,4638,3.3878771518387154,True,False
extend1,55,6.4,4.8,79.52110018441878,-12.135063030493331,26.88966329096838,41.609870135529874,22.752393528433693,167.90997095882082,93.41720098456511,125.1220428166518,58.86336710451974,175.9775574075183,60.249639118728396,14.639870143334557,111.28618841625098,-12.071779686012583,3492,11.416990885844633,True,False
extend1,55,6.4,6.4,1.1330234170545235,1.1330234170545235,3.0800726190839063,21.513948631645256,11.543040107573878,178.95540017008145,73.99850552096157,177.3889222921218,56.54129817574901,167.81129337586782,18.76450453040578,0.7932438954902981,13.20816138647947,-28.978739333004384,4318,1.1945639973510387,True,False
