eta_c,eta_cb,stable,n_seeds,all_finite,late_abs_early_deg,late_abs_early_deg_sd,late_signed_early_deg,late_signed_early_deg_sd,late_endpoint_mm,late_endpoint_mm_sd,adapt_abs_early_deg,adapt_abs_early_deg_sd,adapt_endpoint_mm,adapt_endpoint_mm_sd,max_adapt_abs_early_deg,max_adapt_abs_early_deg_sd,max_adapt_endpoint_mm,max_adapt_endpoint_mm_sd,max_baseline_abs_early_deg,max_baseline_abs_early_deg_sd,max_baseline_endpoint_mm,max_baseline_endpoint_mm_sd,max_washout_abs_early_deg,max_washout_abs_early_deg_sd,max_washout_endpoint_mm,max_washout_endpoint_mm_sd,late_path_rmse_mm,late_path_rmse_mm_sd,late_velocity_rmse_mm_s,late_velocity_rmse_mm_s_sd,first_washout_deg,first_washout_deg_sd,clip_events,clip_events_sd,objective,objective_sd
0.1,3.2,True,5,True,0.21986379456560007,0.2323778358853467,-0.13289833108199783,0.30161883329063055,0.0848003873617453,0.0499624402398158,1.129326630669303,0.11813723237038429,0.4272699148796916,0.06458129416796249,30.10406751957536,0.23797737955551726,15.299681132308137,0.09540012747517453,0.26864471111818006,0.13189793909695197,0.021080448209251763,0.0115098767372986,30.178960760975393,0.29319969706003,5.0537577352005325,0.10482808382409417,0.09500908681899937,0.027685716604881134,0.8762664236934835,0.13979217067694252,-30.178960760975393,0.29319969706003,0.0,0.0,0.04858587638115156,0.015638430425157238
0.1,3.6,True,5,True,0.19339495079991384,0.19205054603360178,-0.02535450123775529,0.28682323684994143,0.08695007407820281,0.05055648405494069,1.1656799091266232,0.21054243505146694,0.4327695856639737,0.06506025755493784,30.102409262689843,0.23870369218689141,15.29931613327825,0.09524125394060437,0.26927963752468126,0.13190279778861613,0.021090790539556026,0.011513092269673555,30.070271025044036,0.2839043434657872,5.041435540380329,0.10211298219550098,0.08575106110863541,0.02049024405027126,0.8377485012910688,0.13398141045953788,-30.070271025044036,0.2839043434657872,0.0,0.0,0.04819266376082992,0.020443451818474224
0.125,3.2,True,5,True,0.4783192645168949,0.34636568797316863,-0.4783192645168949,0.34636568797316863,0.07902887491786059,0.04395765416069216,1.0663687330889366,0.1437590526279034,0.4193552155365766,0.05526620921007905,30.100604915583013,0.22617639652798208,15.29985007385358,0.09552194506740411,0.26809724059882273,0.13164630413106013,0.02108227264094874,0.011510440661073321,30.509202487224634,0.31848363790767587,5.0762191128765375,0.10329058957560407,0.0923638309138383,0.032058649175348036,0.8695655767735125,0.15140258500538145,-30.509202487224634,0.31848363790767587,0.0,0.0,0.05941179746857679,0.015892322581570008
0.125,3.6,True,5,True,0.35976955877302974,0.3033415623041468,-0.35976955877302974,0.3033415623041468,0.07544737705828457,0.045164710933781924,0.9869537766656403,0.04172537393118516,0.422728033533315,0.05827010020720776,30.098873750750165,0.2269895275946337,15.299471027117368,0.09537298398767505,0.2688148123886955,0.13165956821966002,0.02109256303228091,0.011513647927586286,30.390533569802738,0.29357368837145315,5.0613869698678275,0.10013716275400415,0.08342201598107747,0.024231541567066753,0.828139258971085,0.1369765563500557,-30.390533569802738,0.29357368837145315,0.0,0.0,0.05198225781813752,0.013601411479118461
0.125,3.73333333,True,5,True,0.32861867519469223,0.29230016688756877,-0.3235552451985438,0.29901711083076454,0.0755768275068185,0.04701195988042066,0.9814630912218403,0.0683874596509637,0.42675705328651414,0.05899826567595558,30.098381021866107,0.22723427212044192,15.299361743571453,0.09530954564285474,0.2690995797930881,0.13163750463484553,0.021096057134558106,0.011514747208858048,30.350965923543907,0.29262749584672576,5.059460837751265,0.09889215737697676,0.08072375018989737,0.02162724425228507,0.8170707672719729,0.13552380086542815,-30.350965923543907,0.29262749584672576,0.0,0.0,0.05047715419542048,0.013853653889692338
0.125,4.0,True,5,True,0.27841383923203794,0.2663071057588402,-0.25167269431540723,0.29772197700637315,0.07764573927903436,0.05068074625237955,0.991102106655326,0.12633109789768932,0.43934195963339073,0.06078860304361129,30.09749798969234,0.2276846709635934,15.299169623251998,0.09516894074164314,0.2698040956518798,0.1314833335718755,0.021103140879582725,0.011516991772727317,30.268657642697473,0.2928912476747924,5.059085713410935,0.09686618650107556,0.07586637377815367,0.016706962911007133,0.7985846572300237,0.1375445316294838,-30.268657642697473,0.2928912476747924,0.0,0.0,0.04877010119357629,0.015501609055775165
0.125,4.26666667,True,5,True,0.2308517481506703,0.25067652435761206,-0.17782848236577858,0.29987609185902614,0.08148326621451384,0.05245527414133673,1.022044522144144,0.17705629808491735,0.46038993376959353,0.06371187391469664,30.096729185337658,0.2280862460083093,15.29901093401659,0.09501653312608123,0.27040401844305906,0.13140076150985583,0.02111035154175505,0.01151929847200111,30.182907861532946,0.2903330939086424,5.0616165079193225,0.09715632836395811,0.07188123331460725,0.013008224236271126,0.7843359740174348,0.1428185021135559,-30.182907861532946,0.2903330939086424,0.0,0.0,0.04795315298180099,0.01801353075139016
0.125,4.4,True,5,True,0.22495365630911918,0.22713051840690646,-0.1401091406302121,0.30050830710676046,0.08369766438522118,0.05253745554729772,1.0434487229911231,0.19741341558459236,0.47530154855392726,0.06494316570636961,30.09638043332553,0.2282702942124196,15.298943053208689,0.09493795001594177,0.2706647596660055,0.1313858088492118,0.021114004288897526,0.011520475424883062,30.13995750225302,0.2869871029413147,5.063451875226186,0.09845247332568836,0.07024340751061764,0.011991270086410823,0.7785442989019883,0.1452855786903341,-30.13995750225302,0.2869871029413147,0.0,0.0,0.04863387010913707,0.018222481079129646
0.15,3.6,True,5,True,0.6058994079958309,0.313481744034435,-0.6058994079958309,0.313481744034435,0.07211765163474208,0.04099344770978416,1.0457274634231288,0.2042148926344225,0.41896976144598075,0.05045159257908791,30.095382888940104,0.2156784643591941,15.29962129925722,0.09550300123246964,0.2686658274637853,0.1314973758728899,0.021094344864977514,0.011514207861541547,30.62180283181893,0.2975059772162919,5.07683391818191,0.09860936091627406,0.082345933149338,0.028633149303101898,0.8262031123191866,0.14417674386836077,-30.62180283181893,0.2975059772162919,0.0,0.0,0.06388468997174138,0.015236130693495954
0.15,3.73333333,True,5,True,0.5693278644153587,0.30579470169348155,-0.5693278644153587,0.30579470169348155,0.07052948884589717,0.04260447977094824,1.0176237518924984,0.15230607041043495,0.42205468881236524,0.05191877412033714,30.094878479772017,0.21595353137866136,15.299507292814946,0.09544236611409268,0.2690281841792471,0.13141199710876306,0.021097821686334922,0.011515304330028479,30.581780172317973,0.2970093153706646,5.074335097130559,0.097266173490322,0.07966203030238662,0.02575792925665317,0.8138396956249052,0.1395889150944641,-30.581780172317973,0.2970093153706646,0.0,0.0,0.061475281809326196,0.015032961213189781
0.15,4.0,True,5,True,0.49532844658703334,0.3028509222046055,-0.49532844658703334,0.3028509222046055,0.06909682268389182,0.04707916063897337,0.9818549699883388,0.09437345839155983,0.43315718606377873,0.05485147752951388,30.093982887515722,0.216467248360817,15.29930615844491,0.09530664301779725,0.2696744525975893,0.1312955486303024,0.021104870910130098,0.01151754319555856,30.4967973344141,0.298758523392441,5.073192996869755,0.09490040764953031,0.07478039700471804,0.02021307948887412,0.7928738935920079,0.13709552835080915,-30.4967973344141,0.298758523392441,0.0,0.0,0.05730048454865522,0.015228643024070228
0.15,4.26666667,True,5,True,0.4179710950744403,0.3052679079112468,-0.4179710950744403,0.3052679079112468,0.06996853071860495,0.050584787603201675,0.9675105118172354,0.10168876128117825,0.45336021472774063,0.05861657484606401,30.093212701935023,0.21693360758096775,15.299139388052406,0.09515821698174917,0.27021613408274814,0.13125008178958325,0.02111204710749346,0.011519844095583308,30.40672408643429,0.29578060875504625,5.075420567549754,0.09482555121533832,0.07069645709589956,0.01550222873688642,0.7765212755221336,0.14063936080772452,-30.40672408643429,0.29578060875504625,0.0,0.0,0.05386112167772833,0.015584714200853363
0.15,4.4,True,5,True,0.37817326999082373,0.3057343035913436,-0.37817326999082373,0.3057343035913436,0.07115846724207756,0.051406058578732094,0.9760450944893574,0.11775941832922805,0.46800590456419366,0.06027348763891944,30.092866442111376,0.2171500217082168,15.299067887064902,0.0950813273273482,0.2704477565288418,0.1312535123610327,0.021115682644222606,0.01152101810955792,30.36130451057655,0.2914225549083498,5.077230374254724,0.09603253290477738,0.06898517435217125,0.01375719310380938,0.7698792069763936,0.1430286264787654,-30.36130451057655,0.2914225549083498,0.0,0.0,0.052479144734141725,0.015757265178516937
0.15,4.8,True,5,True,0.2692307472495033,0.28925133760836175,-0.26048607088647663,0.2990929437174014,0.0761924008360836,0.051067526581236214,1.0267598748895002,0.14705626808478367,0.5298718965413951,0.06645562217515735,30.091951578661337,0.2177384620762247,15.2988948517584,0.09484761632753667,0.2712351102794274,0.1312345544868761,0.02112677814841545,0.011524635867358678,30.233491216079464,0.26875939713485436,5.084146564181777,0.10328875006264847,0.06512722639701468,0.011813957097628157,0.7549415064979628,0.14674413935885267,-30.233491216079464,0.26875939713485436,0.0,0.0,0.04972400738742809,0.016298502522831812
0.15,5.33333333,True,5,True,0.22877564788661142,0.18417904916395303,-0.1399113643178721,0.27363443889932954,0.08323680927011902,0.04921359712516557,1.1476196819989466,0.16856080082531205,0.6869442363312215,0.08137028602169745,30.090948003778486,0.21840126010825392,15.29874176811256,0.09454499287512098,0.27287054727571763,0.1309465612847182,0.021142010196845952,0.011529687476792259,30.1152504342133,0.23318493875300356,5.097331781390461,0.1120582219431262,0.06228201938778868,0.012882024344561708,0.7426377673374626,0.13921389904438197,-30.1152504342133,0.23318493875300356,0.0,0.0,0.05303606108687151,0.015354721519353865
0.175,4.0,True,5,True,0.6720451479477683,0.30449516504602003,-0.6720451479477683,0.30449516504602003,0.06676046962916471,0.04383224816525999,1.0922542198675922,0.2317348735606925,0.4318956408906066,0.04811164659847519,30.090522673287722,0.20563879736191948,15.299438222252638,0.0954424793352263,0.2695376926625235,0.13111257052810135,0.02110661028776701,0.011518098880839961,30.658369850866347,0.3054001108672899,5.083557362530504,0.09328504588094373,0.07465937901625094,0.024292918130673014,0.7931683639490823,0.13885044854370238,-30.658369850866347,0.3054001108672899,0.0,0.0,0.06645161161878219,0.016778791971159557
0.175,4.26666667,True,5,True,0.5956196072986959,0.30993621359382334,-0.5956196072986959,0.30993621359382334,0.06434261012052346,0.04813056349184608,1.0628220120422696,0.17623303288832737,0.4507116970375897,0.05274517320629255,30.089756518814347,0.20616948860279002,15.299263358470478,0.09529804925454276,0.2700211322142362,0.13110423914748254,0.021113752030976284,0.011520393962490593,30.567830621978583,0.3031998065513,5.085625219859354,0.09275916225393505,0.07040257741405576,0.01877511248732135,0.774184688713715,0.1392709112644307,-30.567830621978583,0.3031998065513,0.0,0.0,0.06208805320845042,0.016981282969165054
0.175,4.4,True,5,True,0.555623415931273,0.31102765172879576,-0.555623415931273,0.31102765172879576,0.06399669059544595,0.04969689710715244,1.0541373001882213,0.15480531821788776,0.4648402683792889,0.05483909283649338,30.08941537613638,0.20641833044614433,15.299188221505275,0.09522286513117412,0.2702236353425629,0.1311260994474175,0.021117370362305894,0.011521565028525554,30.521545369348807,0.2977155377513268,5.08749170898006,0.09382651646348852,0.06859071219270685,0.016499310991324144,0.7664262856787627,0.14117282241437312,-30.521545369348807,0.2977155377513268,0.0,0.0,0.06016025016887745,0.016995788244263125
0.175,4.8,True,5,True,0.43632869535409347,0.30211306071400135,-0.43632869535409347,0.30211306071400135,0.06605122972125757,0.05100503953285634,1.0469576702337384,0.12882691980207875,0.5261877212443423,0.062450576147941375,30.088524435773174,0.20710285990583518,15.299006001821216,0.09499332231000629,0.27122643101975286,0.13100419725439408,0.021128414341027434,0.011525173780703668,30.390800155777338,0.2686955903616042,5.094886453636468,0.10126228666024656,0.06438674347856498,0.012586390121464508,0.7490505459228782,0.14545908031987423,-30.390800155777338,0.2686955903616042,0.0,0.0,0.05565172803239078,0.016696817961515734
0.175,5.33333333,True,5,True,0.3186078155800572,0.26846407079763107,-0.3186078155800572,0.26846407079763107,0.07230604156081367,0.04966320330932436,1.146173019723481,0.11988118485800395,0.6873948116809236,0.07888079988874981,30.08756428866808,0.20788694021776502,15.29884432830002,0.0946947148533017,0.2732068813558738,0.13046688550149518,0.0211435779125111,0.011530212984331427,30.275870495913786,0.22540202069817658,5.109344224588545,0.1108593040616784,0.06096670505597349,0.012448464510092214,0.7351456898408125,0.13870200361541052,-30.275870495913786,0.22540202069817658,0.0,0.0,0.05479028436757064,0.01595796933455751
0.2,4.26666667,True,5,True,0.7209234282549984,0.3167633070578914,-0.7209234282549984,0.3167633070578914,0.06344233263603984,0.045778037526270667,1.2002058381381997,0.27222931412414303,0.452011993087632,0.04629273040911421,30.08636158689891,0.19578242974583462,15.29938295036151,0.09543589135284364,0.2698190126030962,0.1309632513864347,0.02111546630226091,0.011520948089669922,30.677667009772698,0.31675458917773164,5.092705171036803,0.09092800210026593,0.07091332176545324,0.022610723729214542,0.7767165936340739,0.13902540769086144,-30.677667009772698,0.31675458917773164,0.0,0.0,0.06929428677009507,0.018572096664287975
0.2,4.4,True,5,True,0.6822027621397664,0.3192386493511814,-0.6822027621397664,0.3192386493511814,0.061547821460831154,0.04770103350828087,1.1784557335462282,0.25362401647756455,0.4654972120340677,0.0487019855576293,30.08602805263605,0.19606366194658906,15.299304165544859,0.09536242052328867,0.269996064409463,0.13100164243608578,0.021119067433330328,0.01152211619856245,30.6316268040914,0.3096204037419396,5.094694245096171,0.0918037613934871,0.06896642055582675,0.019885389474603363,0.7675867216422848,0.13984002263234616,-30.6316268040914,0.3096204037419396,0.0,0.0,0.06692372151374257,0.01855356640329938
0.2,4.8,True,5,True,0.5646625841832065,0.30773784567763923,-0.5646625841832065,0.30773784567763923,0.05948957442944543,0.0507577119861124,1.1588676254911596,0.19346295794056262,0.5257208059218026,0.0577641999303876,30.085168124250618,0.19684493157619684,15.299112710692535,0.09513707617470799,0.2712143640398908,0.13077996286937552,0.02113005990074036,0.011525715919611483,30.50039606667614,0.27099486353156116,5.102794284232439,0.09931015778524613,0.0643432501886383,0.014333512549798273,0.7470577715240914,0.144059423878261,-30.50039606667614,0.27099486353156116,0.0,0.0,0.061352962276036295,0.017988707959977677
0.2,5.33333333,True,5,True,0.4525480110780851,0.26289671444670587,-0.4525480110780851,0.26289671444670587,0.06367092690646411,0.0501763575275536,1.229561261083007,0.1497559560476272,0.6908200452280675,0.07574059972659729,30.084259777191363,0.1977519698183492,15.298942396932805,0.0948425170564558,0.2735432021564866,0.12998977964560615,0.021145155011374296,0.011530742688326226,30.39074985992584,0.21633624770728455,5.118798840203783,0.10972307629674763,0.060288669407314865,0.012680968716247522,0.7308364222450278,0.1383367938116953,-30.39074985992584,0.21633624770728455,0.0,0.0,0.06007938535863141,0.01668183692848563
0.25,4.8,True,5,True,0.7112394793450721,0.34030172452146323,-0.7112394793450721,0.34030172452146323,0.055691885840589636,0.049539960498991904,1.4370895215346422,0.3197180663683464,0.5330818514197263,0.04706184669752179,30.07866925212921,0.1774167740622498,15.299313271229963,0.0954181779237486,0.2715739841712552,0.1300484698509949,0.021150080567679985,0.011532403833440267,30.61194312424063,0.2956751544770505,5.111683956762694,0.0955558779628069,0.06611114529215546,0.019837234434576346,0.7532580800025858,0.14064458871120097,-30.61194312424063,0.2956751544770505,0.0,0.0,0.0701711792084859,0.020814747825291222
0.25,5.33333333,True,5,True,0.612157124940456,0.2580715707375046,-0.612157124940456,0.2580715707375046,0.052299384164002885,0.05121162007107325,1.4829958059716009,0.2700116796313846,0.7052619567244228,0.06828424304392862,30.0778879281885,0.17857383610708796,15.299125559072323,0.09513176569092834,0.2742158039203947,0.12904339006457163,0.021148337322024778,0.01153181474809654,30.511964617431136,0.19972836897870005,5.131390675271153,0.1076016655759039,0.06053501747229876,0.01500920397256198,0.730326161542109,0.13738175802582508,-30.511964617431136,0.19972836897870005,0.0,0.0,0.06756488885289182,0.018779997948133096
0.3,5.33333333,True,5,True,0.6673663554727318,0.276439920725828,-0.6673663554727318,0.276439920725828,0.04769657465734245,0.05189143608977154,1.7255196040957472,0.3326344891356195,0.7271916440891542,0.06142644671439108,30.071830781127375,0.1607778294387397,15.299292231173485,0.0954116883116028,0.27488835257064875,0.12810761979660518,0.021584111085210723,0.011718568674519581,30.531278747965814,0.1945737789349233,5.137621172448351,0.10566815825308234,0.06268047534540044,0.019199336630756094,0.7391223129792073,0.13525678876133077,-30.531278747965814,0.1945737789349233,0.0,0.0,0.07155400787878896,0.020466210050995248
0.35,5.33333333,True,5,True,0.6598711900455785,0.32994666051920984,-0.6598711900455785,0.32994666051920984,0.04792684260206402,0.05255642426223349,1.9548238135039704,0.3357044689442004,0.7529842695371309,0.05659524771082943,30.0660854797725,0.14428025597697475,15.299443354252395,0.09568144405287031,0.2755608481102179,0.12718270016288247,0.022030778489222615,0.011989423931271576,30.49141508373329,0.2071286450130565,5.139593515354017,0.103897524532766,0.06660467308717692,0.025149153777659482,0.7564643553009427,0.13216231130872733,-30.49141508373329,0.2071286450130565,0.0,0.0,0.07356913313358178,0.02189085633922234
0.4,5.33333333,True,5,True,0.622994534545637,0.4190686386398888,-0.622994534545637,0.4190686386398888,0.05037716608569435,0.05441650501061231,2.150252422976581,0.34412281337557193,0.7817754963063506,0.053306779420684326,30.060648124691017,0.12900251330122467,15.299579834136674,0.09594037725988216,0.2762332905422776,0.1262688665047232,0.022449975082279798,0.012312092738135648,30.424164715741075,0.23445192520912858,5.138942324150267,0.10220130772932683,0.07224085487093218,0.0334299267567909,0.782585980112481,0.13234459307783458,-30.424164715741075,0.23445192520912858,0.0,0.0,0.07443689785694738,0.02505374601228581
