seed,test,abs_early_increase_deg,endpoint_increase_mm
66,cb_block,24.655919322307817,14.853389069223425
66,cortex_reset,5.0679311180509385,0.3930197485541295
66,both_reset,29.981880047721276,15.256271570275759
77,cb_block,25.253504171956703,14.84667011362527
77,cortex_reset,4.888195819517238,0.4274543919465199
77,both_reset,30.17009190936343,15.271747671682046
88,cb_block,25.878947165263664,14.950921659420226
88,cortex_reset,3.880453650423851,0.3296320961962252
88,both_reset,30.060473723653367,15.221225277902613
99,cb_block,24.656253893999892,14.83967537233751
99,cortex_reset,4.992662499328441,0.33581339809475735
99,both_reset,30.055587798622344,15.147262012696787
110,cb_block,26.61583868250397,14.888456603870774
110,cortex_reset,4.032753237105515,0.3170872208633738
110,both_reset,30.658658633296902,15.221266769698552
