seed,arm,rate,test,early_error_deg,endpoint_error_mm,velocity_tracking_rmse_mm_s,path_tracking_rmse_mm,cortex_delta_norm,cb_weight_norm,teaching_segments,clip_events
11,feedback,0.8,intact,29.87621840024681,15.20490480838775,54.12465521835066,12.985084068981397,0.0,0.0,0,0
11,feedback,0.8,cb_block,29.87621840024681,15.20490480838775,54.12465521835066,12.985084068981397,0.0,0.0,0,0
11,feedback,0.8,cortex_reset,29.87621840024681,15.20490480838775,54.12465521835066,12.985084068981397,0.0,0.0,0,0
11,feedback,0.8,both_reset,29.87621840024681,15.20490480838775,54.12465521835066,12.985084068981397,0.0,0.0,0,0
11,feedback,0.8,feedback_off,29.87621840024681,51.79666796302796,54.705346005940015,22.95917004074333,0.0,0.0,0,0
11,feedback,0.8,delay60,29.82563630062231,10.968663680061333,40.95338971180485,10.841022169602846,0.0,0.0,0,0
11,feedback,0.8,delay180,29.87621840024681,21.14171257178067,64.07829065465904,15.309443407437449,0.0,0.0,0,0
11,feedback,0.8,target_minus45,29.419371811542014,15.245568537022745,53.8657423111301,12.981058123898666,0.0,0.0,0,0
11,feedback,0.8,target_plus45,29.880393002720474,15.146029814549793,54.0227282133681,12.99758601379919,0.0,0.0,0,0
11,feedback,0.8,noise_1mm,29.87621840024681,15.116170822906282,54.76762049299227,13.02724470606767,0.0,0.0,0,0
11,cortex,0.8,intact,-11.33785728835244,1.1872245096232938,6.482970805875985,0.8073428560232718,0.3152584386460353,0.0,0,0
11,cortex,0.8,cb_block,-11.33785728835244,1.1872245096232938,6.482970805875985,0.8073428560232718,0.3152584386460353,0.0,0,0
11,cortex,0.8,cortex_reset,29.87621840024681,15.20490480838775,54.12465521835066,12.985084068981397,0.3152584386460353,0.0,0,0
11,cortex,0.8,both_reset,29.87621840024681,15.20490480838775,54.12465521835066,12.985084068981397,0.3152584386460353,0.0,0,0
11,cortex,0.8,feedback_off,-11.33785728835244,2.741520861639863,5.696855288238606,1.2553728791581982,0.3152584386460353,0.0,0,0
11,cortex,0.8,delay60,-10.120724192625518,1.1962482594084274,5.612775279349148,0.6784976865673196,0.3152584386460353,0.0,0,0
11,cortex,0.8,delay180,-11.33785728835244,0.9533192613148957,6.7914004559142676,0.927821002815408,0.3152584386460353,0.0,0,0
11,cortex,0.8,target_minus45,17.733439060853925,9.235754239986067,39.36889914964894,8.809039190526962,0.3152584386460353,0.0,0,0
11,cortex,0.8,target_plus45,-14.818382636260253,10.079889536172658,35.96536038087496,9.32514618442283,0.3152584386460353,0.0,0,0
11,cortex,0.8,noise_1mm,-11.33785728835244,1.390274206907431,8.338538989287818,0.8567545191841721,0.3152584386460353,0.0,0,0
11,cerebellum,0.8,intact,3.544970121171835,0.45123776198246107,2.733638791700761,0.4191079045396302,0.0,0.872675808991498,0,0
11,cerebellum,0.8,cb_block,29.87621840024681,15.20490480838775,54.12465521835066,12.985084068981397,0.0,0.872675808991498,0,0
11,cerebellum,0.8,cortex_reset,3.544970121171835,0.45123776198246107,2.733638791700761,0.4191079045396302,0.0,0.872675808991498,0,0
11,cerebellum,0.8,both_reset,29.87621840024681,15.20490480838775,54.12465521835066,12.985084068981397,0.0,0.872675808991498,0,0
11,cerebellum,0.8,feedback_off,3.544970121171835,1.4724156007044717,2.3507226888146984,0.6926485052986003,0.0,0.872675808991498,0,0
11,cerebellum,0.8,delay60,3.5425875627452488,0.3149925740551356,2.3587341764828382,0.3523758919189119,0.0,0.872675808991498,0,0
11,cerebellum,0.8,delay180,3.544970121171835,0.5182284631173182,2.874741850566449,0.4811705744877384,0.0,0.872675808991498,0,0
11,cerebellum,0.8,target_minus45,16.70097250682074,10.78365310406161,37.583930130670716,9.107376851159932,0.0,0.872675808991498,0,0
11,cerebellum,0.8,target_plus45,18.440965072474828,11.417248040304216,39.677656126168635,9.512888587378715,0.0,0.872675808991498,0,0
11,cerebellum,0.8,noise_1mm,3.544970121171835,0.17590874645811164,4.864049348341647,0.32759207973002175,0.0,0.872675808991498,0,0
11,joint,0.8,intact,-15.98133867448507,1.1346797770302386,5.4694400619450825,0.7080033679747618,0.10961386153550488,0.5321236937601086,0,0
11,joint,0.8,cb_block,-8.968503610164943,8.671732574360522,37.06244239667412,8.204610960701315,0.10961386153550488,0.5321236937601086,0,0
11,joint,0.8,cortex_reset,20.824095150067368,5.708272222073736,18.115147112356308,5.049592181134545,0.10961386153550488,0.5321236937601086,0,0
11,joint,0.8,both_reset,29.87621840024681,15.20490480838775,54.12465521835066,12.985084068981397,0.10961386153550488,0.5321236937601086,0,0
11,joint,0.8,feedback_off,-15.98133867448507,2.0608897835768345,4.2779847818525045,1.003734380326148,0.10961386153550488,0.5321236937601086,0,0
11,joint,0.8,delay60,-14.742220950741414,0.7715919112890596,4.835899387716748,0.5911132229763565,0.10961386153550488,0.5321236937601086,0,0
11,joint,0.8,delay180,-15.98133867448507,1.2234994240777324,5.508574697644165,0.7683539789531775,0.10961386153550488,0.5321236937601086,0,0
11,joint,0.8,target_minus45,5.546284552556901,11.37097468039756,40.90530006381026,9.598218052373145,0.10961386153550488,0.5321236937601086,0,0
11,joint,0.8,target_plus45,11.710501650403351,10.40847038051516,35.80082008889525,9.009397689199927,0.10961386153550488,0.5321236937601086,0,0
11,joint,0.8,noise_1mm,-15.98133867448507,1.3493826003321001,7.271841480741253,0.7901389973122852,0.10961386153550488,0.5321236937601086,0,0
22,feedback,0.8,intact,29.859458046819903,15.393959199383712,53.99959379181919,13.01988067762484,0.0,0.0,0,0
22,feedback,0.8,cb_block,29.859458046819903,15.393959199383712,53.99959379181919,13.01988067762484,0.0,0.0,0,0
22,feedback,0.8,cortex_reset,29.859458046819903,15.393959199383712,53.99959379181919,13.01988067762484,0.0,0.0,0,0
22,feedback,0.8,both_reset,29.859458046819903,15.393959199383712,53.99959379181919,13.01988067762484,0.0,0.0,0,0
22,feedback,0.8,feedback_off,29.859458046819903,51.730207817803645,54.653372599205035,22.933820112494733,0.0,0.0,0,0
22,feedback,0.8,delay60,29.825831826250774,11.130869615891438,40.969396188297075,10.88063976653917,0.0,0.0,0,0
22,feedback,0.8,delay180,29.859458046819903,21.357241307749792,63.89302800804305,15.33476880822134,0.0,0.0,0,0
22,feedback,0.8,target_minus45,30.087912793676676,15.392491645821988,54.06909535676762,13.027968741725875,0.0,0.0,0,0
22,feedback,0.8,target_plus45,30.137514571401947,15.510872525577355,54.21671904651716,13.028817369950664,0.0,0.0,0,0
22,feedback,0.8,noise_1mm,29.859458046819903,15.501255851009693,54.290858771498584,13.079773064641032,0.0,0.0,0,0
22,cortex,0.8,intact,-12.752727508847329,1.2269348014199286,5.534547074045164,0.626786188835263,0.3697596778368141,0.0,0,0
22,cortex,0.8,cb_block,-12.752727508847329,1.2269348014199286,5.534547074045164,0.626786188835263,0.3697596778368141,0.0,0,0
22,cortex,0.8,cortex_reset,29.859458046819903,15.393959199383712,53.99959379181919,13.01988067762484,0.3697596778368141,0.0,0,0
22,cortex,0.8,both_reset,29.859458046819903,15.393959199383712,53.99959379181919,13.01988067762484,0.3697596778368141,0.0,0,0
22,cortex,0.8,feedback_off,-12.752727508847329,2.554251301861299,5.268076759163291,0.9860295250399072,0.3697596778368141,0.0,0,0
22,cortex,0.8,delay60,-11.41859794074785,1.3517491336536311,5.028566152226886,0.5429600992208727,0.3697596778368141,0.0,0,0
22,cortex,0.8,delay180,-12.752727508847329,0.9872472061908948,5.519600339195833,0.7188241737128058,0.3697596778368141,0.0,0,0
22,cortex,0.8,target_minus45,-1.9346911882030482,11.020733045249182,40.6241986817618,8.937760539380072,0.3697596778368141,0.0,0,0
22,cortex,0.8,target_plus45,17.187828252882497,12.632749087167793,36.38835107348597,9.190617291605465,0.3697596778368141,0.0,0,0
22,cortex,0.8,noise_1mm,-12.752727508847329,1.131449824479803,7.459945131764105,0.681963461766104,0.3697596778368141,0.0,0,0
22,cerebellum,0.8,intact,2.6036115131522077,0.35196896568633457,2.0777554952263837,0.30199091857839994,0.0,0.7979411327571894,0,0
22,cerebellum,0.8,cb_block,29.859458046819903,15.393959199383712,53.99959379181919,13.01988067762484,0.0,0.7979411327571894,0,0
22,cerebellum,0.8,cortex_reset,2.6036115131522077,0.35196896568633457,2.0777554952263837,0.30199091857839994,0.0,0.7979411327571894,0,0
22,cerebellum,0.8,both_reset,29.859458046819903,15.393959199383712,53.99959379181919,13.01988067762484,0.0,0.7979411327571894,0,0
22,cerebellum,0.8,feedback_off,2.6036115131522077,0.8310266347925581,1.5029241311608321,0.43243244646895357,0.0,0.7979411327571894,0,0
22,cerebellum,0.8,delay60,2.6341804578442822,0.1718590933594391,1.7956201546509518,0.2451748918197841,0.0,0.7979411327571894,0,0
22,cerebellum,0.8,delay180,2.6036115131522077,0.46397441741054757,2.083584572311828,0.3423627968676189,0.0,0.7979411327571894,0,0
22,cerebellum,0.8,target_minus45,15.568993093496307,10.79974944239092,37.46796958827245,9.114133851606912,0.0,0.7979411327571894,0,0
22,cerebellum,0.8,target_plus45,16.688474956827505,10.513389153893982,37.80841982543564,9.076594547063575,0.0,0.7979411327571894,0,0
22,cerebellum,0.8,noise_1mm,2.6036115131522077,0.42063435296798773,4.917629475533797,0.2278399712789979,0.0,0.7979411327571894,0,0
22,joint,0.8,intact,-18.41829862212167,1.021449811494962,5.677185020705521,0.752976702526671,0.13401045524335642,0.47674168420853363,0,0
22,joint,0.8,cb_block,-12.07633772319339,8.570143581345262,35.62594078127429,7.943845937338358,0.13401045524335642,0.47674168420853363,0,0
22,joint,0.8,cortex_reset,21.945490779724906,6.316818404615676,20.17519151344892,5.540084616236124,0.13401045524335642,0.47674168420853363,0,0
22,joint,0.8,both_reset,29.859458046819903,15.393959199383712,53.99959379181919,13.01988067762484,0.13401045524335642,0.47674168420853363,0,0
22,joint,0.8,feedback_off,-18.41829862212167,2.1810989411824786,4.452709475403245,1.1354415896374621,0.13401045524335642,0.47674168420853363,0,0
22,joint,0.8,delay60,-17.078425273239475,0.6113171639697191,5.007325465898567,0.6318399547040362,0.13401045524335642,0.47674168420853363,0,0
22,joint,0.8,delay180,-18.41829862212167,1.0996711873586336,5.726157650310211,0.819124018406546,0.13401045524335642,0.47674168420853363,0,0
22,joint,0.8,target_minus45,-4.551319311969552,11.854979976148622,40.78973906259099,9.545137051163472,0.13401045524335642,0.47674168420853363,0,0
22,joint,0.8,target_plus45,25.086387722337047,10.081706188416042,33.335171065216855,8.258982324627452,0.13401045524335642,0.47674168420853363,0,0
22,joint,0.8,noise_1mm,-18.41829862212167,0.9167762055669025,7.592389134775288,0.8211476829451674,0.13401045524335642,0.47674168420853363,0,0
33,feedback,0.8,intact,30.457631330234364,15.27820938831476,53.90800195406466,13.027595762840603,0.0,0.0,0,0
33,feedback,0.8,cb_block,30.457631330234364,15.27820938831476,53.90800195406466,13.027595762840603,0.0,0.0,0,0
33,feedback,0.8,cortex_reset,30.457631330234364,15.27820938831476,53.90800195406466,13.027595762840603,0.0,0.0,0,0
33,feedback,0.8,both_reset,30.457631330234364,15.27820938831476,53.90800195406466,13.027595762840603,0.0,0.0,0,0
33,feedback,0.8,feedback_off,30.457631330234364,51.75027687961878,54.668357600256854,22.9437594554136,0.0,0.0,0,0
33,feedback,0.8,delay60,30.40424339755649,11.136880871686134,40.92051086465668,10.894073388020567,0.0,0.0,0,0
33,feedback,0.8,delay180,30.457631330234364,21.13798604169042,63.70845910651467,15.340759192713438,0.0,0.0,0,0
33,feedback,0.8,target_minus45,30.081388430646637,15.347918319626556,53.996201049612175,13.025923988645552,0.0,0.0,0,0
33,feedback,0.8,target_plus45,29.2757162118098,15.234009437681836,53.99416806838253,13.024792108912811,0.0,0.0,0,0
33,feedback,0.8,noise_1mm,30.457631330234364,15.355059792699349,53.802602650434004,12.962510056188767,0.0,0.0,0,0
33,cortex,0.8,intact,-10.58465727540675,1.3788503387276796,6.141911980857358,0.7346120962461551,0.4239837342812159,0.0,0,0
33,cortex,0.8,cb_block,-10.58465727540675,1.3788503387276796,6.141911980857358,0.7346120962461551,0.4239837342812159,0.0,0,0
33,cortex,0.8,cortex_reset,30.457631330234364,15.27820938831476,53.90800195406466,13.027595762840603,0.4239837342812159,0.0,0,0
33,cortex,0.8,both_reset,30.457631330234364,15.27820938831476,53.90800195406466,13.027595762840603,0.4239837342812159,0.0,0,0
33,cortex,0.8,feedback_off,-10.58465727540675,2.760175575896862,5.220694014856036,1.1414859072265338,0.4239837342812159,0.0,0,0
33,cortex,0.8,delay60,-9.241639341283136,1.3569278499350435,5.234175460457138,0.6154339645301793,0.4239837342812159,0.0,0,0
33,cortex,0.8,delay180,-10.58465727540675,1.093711996315703,6.268109061653943,0.8309568045206811,0.4239837342812159,0.0,0,0
33,cortex,0.8,target_minus45,-2.1650983632772576,12.223187645152215,39.302897794694985,9.09423786707981,0.4239837342812159,0.0,0,0
33,cortex,0.8,target_plus45,36.439448838125294,12.007876836531251,35.93636020288874,9.661968662270645,0.4239837342812159,0.0,0,0
33,cortex,0.8,noise_1mm,-10.58465727540675,1.2939382197412153,7.273813874531218,0.6301591119023336,0.4239837342812159,0.0,0,0
33,cerebellum,0.8,intact,1.9457123945206236,0.38714244027620454,2.6301036114872014,0.40626421574359195,0.0,0.873780816177786,0,0
33,cerebellum,0.8,cb_block,30.457631330234364,15.27820938831476,53.90800195406466,13.027595762840603,0.0,0.873780816177786,0,0
33,cerebellum,0.8,cortex_reset,1.9457123945206236,0.38714244027620454,2.6301036114872014,0.40626421574359195,0.0,0.873780816177786,0,0
33,cerebellum,0.8,both_reset,30.457631330234364,15.27820938831476,53.90800195406466,13.027595762840603,0.0,0.873780816177786,0,0
33,cerebellum,0.8,feedback_off,1.9457123945206236,1.1869941570956082,1.9521828176712241,0.6227961979042254,0.0,0.873780816177786,0,0
33,cerebellum,0.8,delay60,2.0438137713338573,0.14948031789160346,2.1232569614448953,0.330588846634745,0.0,0.873780816177786,0,0
33,cerebellum,0.8,delay180,1.9457123945206236,0.4751900349122759,2.782730718571666,0.4672610158326807,0.0,0.873780816177786,0,0
33,cerebellum,0.8,target_minus45,18.584794906419344,11.898304555452963,40.50962900426711,9.85765320167406,0.0,0.873780816177786,0,0
33,cerebellum,0.8,target_plus45,13.492672554225576,11.993992782266703,41.49789666268755,9.89379283900336,0.0,0.873780816177786,0,0
33,cerebellum,0.8,noise_1mm,1.9457123945206236,0.4136954421455124,5.500390676186369,0.4747541999719417,0.0,0.873780816177786,0,0
33,joint,0.8,intact,-30.1656302001498,2.3050100780716773,8.61011853339648,0.9532604299879784,0.17220820403469245,0.47441216553111054,0,0
33,joint,0.8,cb_block,-30.546887549924886,6.332603127545796,33.75735455562073,6.755218079983159,0.17220820403469245,0.47441216553111054,0,0
33,joint,0.8,cortex_reset,28.89015945620255,7.52634144703233,25.490729581092808,6.905656180778649,0.17220820403469245,0.47441216553111054,0,0
33,joint,0.8,both_reset,30.457631330234364,15.27820938831476,53.90800195406466,13.027595762840603,0.17220820403469245,0.47441216553111054,0,0
33,joint,0.8,feedback_off,-30.1656302001498,1.2896322426277733,5.94395178073664,0.837551053180104,0.17220820403469245,0.47441216553111054,0,0
33,joint,0.8,delay60,-28.98443707556521,1.6657644493045958,7.335029090371158,0.7719364255506934,0.17220820403469245,0.47441216553111054,0,0
33,joint,0.8,delay180,-30.1656302001498,2.293984616342344,8.675358191742232,0.9836220016807317,0.17220820403469245,0.47441216553111054,0,0
33,joint,0.8,target_minus45,-9.15973474087384,11.631644113269788,39.859698379835876,8.744890965478442,0.17220820403469245,0.47441216553111054,0,0
33,joint,0.8,target_plus45,20.272688946478496,9.854376004606706,31.84492235684342,8.469893595500322,0.17220820403469245,0.47441216553111054,0,0
33,joint,0.8,noise_1mm,-30.1656302001498,2.232502710273863,9.621921820405097,0.9491131677313795,0.17220820403469245,0.47441216553111054,0,0
44,feedback,0.8,intact,30.15967039753595,15.168165182923728,54.13586145979583,13.01447840583849,0.0,0.0,0,0
44,feedback,0.8,cb_block,30.15967039753595,15.168165182923728,54.13586145979583,13.01447840583849,0.0,0.0,0,0
44,feedback,0.8,cortex_reset,30.15967039753595,15.168165182923728,54.13586145979583,13.01447840583849,0.0,0.0,0,0
44,feedback,0.8,both_reset,30.15967039753595,15.168165182923728,54.13586145979583,13.01447840583849,0.0,0.0,0,0
44,feedback,0.8,feedback_off,30.15967039753595,51.7296974254686,54.65494623185185,22.939874672306708,0.0,0.0,0,0
44,feedback,0.8,delay60,30.10024760753249,10.981159699010174,41.08946441637618,10.879704111456522,0.0,0.0,0,0
44,feedback,0.8,delay180,30.15967039753595,21.040142315909954,63.87610785037933,15.319875519172511,0.0,0.0,0,0
44,feedback,0.8,target_minus45,30.918865586196024,15.45154215947618,54.27318210521526,13.062753665888225,0.0,0.0,0,0
44,feedback,0.8,target_plus45,29.810658165218825,14.973315623427773,53.711909618789555,12.984933844715808,0.0,0.0,0,0
44,feedback,0.8,noise_1mm,30.15967039753595,15.074265143549892,54.1021402925592,12.97182716615705,0.0,0.0,0,0
44,cortex,0.8,intact,-6.052311180437467,1.6819721760243826,6.80146000396116,0.8676422553067799,0.34064835897331824,0.0,0,0
44,cortex,0.8,cb_block,-6.052311180437467,1.6819721760243826,6.80146000396116,0.8676422553067799,0.34064835897331824,0.0,0,0
44,cortex,0.8,cortex_reset,30.15967039753595,15.168165182923728,54.13586145979583,13.01447840583849,0.34064835897331824,0.0,0,0
44,cortex,0.8,both_reset,30.15967039753595,15.168165182923728,54.13586145979583,13.01447840583849,0.34064835897331824,0.0,0,0
44,cortex,0.8,feedback_off,-6.052311180437467,3.1304830615485946,5.929064822126202,1.4196127056359014,0.34064835897331824,0.0,0,0
44,cortex,0.8,delay60,-4.999216532505882,1.5886647941564598,5.680588406656091,0.7323068019515675,0.34064835897331824,0.0,0,0
44,cortex,0.8,delay180,-6.052311180437467,1.4989906349278928,7.249205216241659,0.9915564666574245,0.34064835897331824,0.0,0,0
44,cortex,0.8,target_minus45,0.9784569451946737,13.162234492549754,40.471139984988696,9.276347181264404,0.34064835897331824,0.0,0,0
44,cortex,0.8,target_plus45,26.4266961810107,12.149137986832393,35.691857730390105,9.480254304940422,0.34064835897331824,0.0,0,0
44,cortex,0.8,noise_1mm,-6.052311180437467,1.7116708472343989,7.595818655041287,0.8208051879625343,0.34064835897331824,0.0,0,0
44,cerebellum,0.8,intact,3.815766781483294,0.2336737462372114,1.9550473856090105,0.27129853206843874,0.0,0.8002795881773254,0,0
44,cerebellum,0.8,cb_block,30.15967039753595,15.168165182923728,54.13586145979583,13.01447840583849,0.0,0.8002795881773254,0,0
44,cerebellum,0.8,cortex_reset,3.815766781483294,0.2336737462372114,1.9550473856090105,0.27129853206843874,0.0,0.8002795881773254,0,0
44,cerebellum,0.8,both_reset,30.15967039753595,15.168165182923728,54.13586145979583,13.01447840583849,0.0,0.8002795881773254,0,0
44,cerebellum,0.8,feedback_off,3.815766781483294,0.7926917073962934,1.6230321608757654,0.3914734729144643,0.0,0.8002795881773254,0,0
44,cerebellum,0.8,delay60,3.833100698852648,0.15166180537396964,1.6532001080666279,0.22625081143232897,0.0,0.8002795881773254,0,0
44,cerebellum,0.8,delay180,3.815766781483294,0.21218419790447632,2.0969801036394675,0.3132443982674834,0.0,0.8002795881773254,0,0
44,cerebellum,0.8,target_minus45,16.762099112707663,10.648408245243406,37.982699949682655,9.171908154821214,0.0,0.8002795881773254,0,0
44,cerebellum,0.8,target_plus45,16.645834640341434,10.643377476906142,38.01563982228528,9.210861602250219,0.0,0.8002795881773254,0,0
44,cerebellum,0.8,noise_1mm,3.815766781483294,0.4642945987595489,4.897607047477113,0.4236014570585402,0.0,0.8002795881773254,0,0
44,joint,0.8,intact,-22.870763809434337,1.939708281802178,6.991907620713108,0.7644690340667818,0.16043831075459128,0.45464114667900063,0,0
44,joint,0.8,cb_block,-20.185813676677935,5.651059576146059,29.962688872795585,5.970031544433044,0.16043831075459128,0.45464114667900063,0,0
44,joint,0.8,cortex_reset,25.77465580769465,7.99557523056312,27.152799010535325,7.169232490372159,0.16043831075459128,0.45464114667900063,0,0
44,joint,0.8,both_reset,30.15967039753595,15.168165182923728,54.13586145979583,13.01447840583849,0.16043831075459128,0.45464114667900063,0,0
44,joint,0.8,feedback_off,-22.870763809434337,0.8952929886943991,4.922558562922932,0.7307857062559776,0.16043831075459128,0.45464114667900063,0,0
44,joint,0.8,delay60,-21.8855211872731,1.4159384601320144,5.8305388832740865,0.6202080829238545,0.16043831075459128,0.45464114667900063,0,0
44,joint,0.8,delay180,-22.870763809434337,1.8919090688697884,7.266808444549107,0.798136752069716,0.16043831075459128,0.45464114667900063,0,0
44,joint,0.8,target_minus45,-5.077835814527887,12.982138139464867,41.245541989108794,9.496306221598674,0.16043831075459128,0.45464114667900063,0,0
44,joint,0.8,target_plus45,15.434966193785046,10.052039683071765,35.25419214710625,9.050164917581728,0.16043831075459128,0.45464114667900063,0,0
44,joint,0.8,noise_1mm,-22.870763809434337,1.8677825712853073,8.104832351031355,0.6527315483191952,0.16043831075459128,0.45464114667900063,0,0
55,feedback,0.8,intact,30.340419384356306,15.381526600163603,53.907399491220474,13.024032408253554,0.0,0.0,0,0
55,feedback,0.8,cb_block,30.340419384356306,15.381526600163603,53.907399491220474,13.024032408253554,0.0,0.0,0,0
55,feedback,0.8,cortex_reset,30.340419384356306,15.381526600163603,53.907399491220474,13.024032408253554,0.0,0.0,0,0
55,feedback,0.8,both_reset,30.340419384356306,15.381526600163603,53.907399491220474,13.024032408253554,0.0,0.0,0,0
55,feedback,0.8,feedback_off,30.340419384356306,51.7687868814388,54.66395582270871,22.950136100094014,0.0,0.0,0,0
55,feedback,0.8,delay60,30.286516837911197,11.123269615265954,40.86854546231133,10.875015080689211,0.0,0.0,0,0
55,feedback,0.8,delay180,30.340419384356306,21.383859206557137,63.75940219466864,15.348716005862496,0.0,0.0,0,0
55,feedback,0.8,target_minus45,29.775960295972144,15.225662809619125,53.843524646997956,13.005648411974574,0.0,0.0,0,0
55,feedback,0.8,target_plus45,29.764531388602023,15.311982137434972,54.17562931814582,13.008933150487552,0.0,0.0,0,0
55,feedback,0.8,noise_1mm,30.340419384356306,15.810908834002085,54.27662727114666,13.081587421289981,0.0,0.0,0,0
55,cortex,0.8,intact,-9.880621084783641,1.8767500649976876,6.959455436567879,0.8128836558446194,0.38689729889344465,0.0,0,0
55,cortex,0.8,cb_block,-9.880621084783641,1.8767500649976876,6.959455436567879,0.8128836558446194,0.38689729889344465,0.0,0,0
55,cortex,0.8,cortex_reset,30.340419384356306,15.381526600163603,53.907399491220474,13.024032408253554,0.38689729889344465,0.0,0,0
55,cortex,0.8,both_reset,30.340419384356306,15.381526600163603,53.907399491220474,13.024032408253554,0.38689729889344465,0.0,0,0
55,cortex,0.8,feedback_off,-9.880621084783641,2.7560275759029076,5.990182820499885,1.1943260237868143,0.38689729889344465,0.0,0,0
55,cortex,0.8,delay60,-8.782337174254344,1.7745595728894998,5.936481036653745,0.6934383371478544,0.38689729889344465,0.0,0,0
55,cortex,0.8,delay180,-9.880621084783641,1.6273200123911773,7.165551934400486,0.9035072734332377,0.38689729889344465,0.0,0,0
55,cortex,0.8,target_minus45,1.6041906728735913,12.780358052932964,40.72688771854773,9.24788076913145,0.38689729889344465,0.0,0,0
55,cortex,0.8,target_plus45,24.794262747280385,11.895334819282192,35.03931937932945,9.426693788100449,0.38689729889344465,0.0,0,0
55,cortex,0.8,noise_1mm,-9.880621084783641,1.5567553694162606,8.383710959667262,0.8268717325424911,0.38689729889344465,0.0,0,0
55,cerebellum,0.8,intact,3.885774631603454,0.2706385807733778,1.9943342132681916,0.31753426204022583,0.0,0.8157656275971923,0,0
55,cerebellum,0.8,cb_block,30.340419384356306,15.381526600163603,53.907399491220474,13.024032408253554,0.0,0.8157656275971923,0,0
55,cerebellum,0.8,cortex_reset,3.885774631603454,0.2706385807733778,1.9943342132681916,0.31753426204022583,0.0,0.8157656275971923,0,0
55,cerebellum,0.8,both_reset,30.340419384356306,15.381526600163603,53.907399491220474,13.024032408253554,0.0,0.8157656275971923,0,0
55,cerebellum,0.8,feedback_off,3.885774631603454,1.2560826097589128,1.9057265136149788,0.5780044852565007,0.0,0.8157656275971923,0,0
55,cerebellum,0.8,delay60,3.879785284883553,0.23406755980613314,1.7366378793071542,0.27361871230879675,0.0,0.8157656275971923,0,0
55,cerebellum,0.8,delay180,3.885774631603454,0.2700938731877413,2.150653816520562,0.3659763554440552,0.0,0.8157656275971923,0,0
55,cerebellum,0.8,target_minus45,15.520834856646891,10.958501842235613,38.49033587180613,9.173968560862713,0.0,0.8157656275971923,0,0
55,cerebellum,0.8,target_plus45,18.080245263599846,10.868775736522736,39.66545914965934,9.492062787555703,0.0,0.8157656275971923,0,0
55,cerebellum,0.8,noise_1mm,3.885774631603454,0.5237403944978232,5.030141448062221,0.25620111675315865,0.0,0.8157656275971923,0,0
55,joint,0.8,intact,-25.007790826666653,2.071979572158582,7.63271284030974,0.859728583753182,0.14818779713501098,0.49542106285661613,0,0
55,joint,0.8,cb_block,-23.97040620572036,7.023306461933085,34.533874141496376,7.342553418460205,0.14818779713501098,0.49542106285661613,0,0
55,joint,0.8,cortex_reset,26.020461696462565,7.060841375674467,23.419536721675527,6.357725706293426,0.14818779713501098,0.49542106285661613,0,0
55,joint,0.8,both_reset,30.340419384356306,15.381526600163603,53.907399491220474,13.024032408253554,0.14818779713501098,0.49542106285661613,0,0
55,joint,0.8,feedback_off,-25.007790826666653,1.5965985042851527,5.398174451220344,0.8465981110301894,0.14818779713501098,0.49542106285661613,0,0
55,joint,0.8,delay60,-23.71738776134557,1.5203971131243268,6.522561019933569,0.7031225328306693,0.14818779713501098,0.49542106285661613,0,0
55,joint,0.8,delay180,-25.007790826666653,2.0517979566721007,7.677261671765303,0.8907900468111049,0.14818779713501098,0.49542106285661613,0,0
55,joint,0.8,target_minus45,-9.201341614593764,12.735395275685299,41.545133711775684,9.31853185139274,0.14818779713501098,0.49542106285661613,0,0
55,joint,0.8,target_plus45,24.536139284267264,10.129911972428435,34.76193695084815,8.891116531329002,0.14818779713501098,0.49542106285661613,0,0
55,joint,0.8,noise_1mm,-25.007790826666653,1.9247216550021289,9.26846974852739,0.9831422547728027,0.14818779713501098,0.49542106285661613,0,0
