seed,rate,arm,late_abs_early_deg,late_signed_early_deg,late_endpoint_mm,late_velocity_rmse_mm_s,late_path_rmse_mm,first_washout_deg,cb_clip_events
11,0.8,cortex,11.602410408694421,-11.602410408694421,1.2308616812436441,6.657812729628995,0.8315687449332835,-41.33785728835243,0
11,0.8,cerebellum,3.55365390671948,3.55365390671948,0.46949831376940576,2.872064229010907,0.42529645750627865,-26.455029878828164,0
11,0.8,joint,17.77215347480768,-17.77215347480768,1.2103145322771423,5.6174763088973565,0.7204703808408086,-45.981338674485066,0
22,0.8,cortex,12.72682892851085,-12.72682892851085,1.2341045966053126,5.6797580839806345,0.6508447427214462,-42.75272750884732,0
22,0.8,cerebellum,2.618667576799453,2.618667576799453,0.361836346251493,2.2201294758565155,0.3205091954326597,-27.39638848684779,0
22,0.8,joint,20.166417980163608,-20.166417980163608,1.1014438746802346,5.834673644179696,0.7654717955114906,-48.41829862212167,0
33,0.8,cortex,11.732171143665706,-11.732171143665706,1.4841375479622563,6.487039132709661,0.7713931571725144,-40.58465727540674,0
33,0.8,cerebellum,2.102110856889876,2.102110856889876,0.39273211792190504,2.8122711396172755,0.432781909439762,-28.054287605479374,0
33,0.8,joint,31.575233936740414,-31.575233936740414,2.3798165820728245,8.581574995864026,0.9294556327259317,-60.16563020014979,0
44,0.8,cortex,6.387767175674409,-6.387767175674409,1.7493394224831036,7.069746739469009,0.9011493227683104,-36.052311180437464,0
44,0.8,cerebellum,3.9770848086900097,3.9770848086900097,0.2414632008434093,2.0579616830498657,0.28107550154678435,-26.184233218516702,0
44,0.8,joint,24.352878401825446,-24.352878401825446,1.9999176754485606,7.095798282600849,0.7602190826996529,-52.87076380943433,0
55,0.8,cortex,10.741065840934983,-10.741065840934983,1.967381767523877,7.293691056052992,0.8501730617617073,-39.88062108478364,0
55,0.8,cerebellum,3.9973809415778367,3.9973809415778367,0.2751576141635889,2.008893924690494,0.3045019169939455,-26.11422536839654,0
55,0.8,joint,27.02071815394416,-27.02071815394416,2.149229657244452,7.745100701555683,0.8597822801502903,-55.00779082666664,0
11,0.4,cortex,33.217347569833365,-33.217347569833365,1.9629460848296063,10.280104729501353,1.227673682606044,-59.93600514009531,0
11,0.4,cerebellum,5.885063019910923,5.885063019910923,0.4878671202087045,4.645213957543514,0.668804549336639,-24.447693229981542,0
11,0.4,joint,30.340291583608142,-30.340291583608142,1.7094428014963434,6.4724935385870115,0.6867351582872331,-59.50927209386459,0
11,1.6,cortex,11.440795311878102,-11.440795311878102,1.0351675641782474,5.263529172001983,0.6063828381059619,-41.46915944269088,0
11,1.6,cerebellum,3.5372962727725423,3.5372962727725423,0.31879952418418656,1.7720178753129694,0.28971873365072787,-26.594750847720814,0
11,1.6,joint,1.0623203451803864,1.0311914109913665,0.4259183585298592,4.238241035132808,0.5790710159913555,-27.737093375899274,0
22,0.4,cortex,33.57825942191825,-33.57825942191825,1.7482676562500679,8.993401887485948,1.0300790514787481,-59.849559781193136,0
22,0.4,cerebellum,4.852411013168801,4.852411013168801,0.36342472304458867,3.9069106200137766,0.6145475376868139,-25.4519081842305,0
22,0.4,joint,32.48088917021734,-32.48088917021734,1.6071612986214734,6.578278308981281,0.7017622884566835,-61.65751926481076,0
22,1.6,cortex,12.41506879546073,-12.41506879546073,1.482840087570391,4.776707918874512,0.4412691802194836,-42.23540349454655,0
22,1.6,cerebellum,3.1243399863102708,3.1243399863102708,0.18387091184687737,1.2271180976904983,0.19657910175762247,-26.899011325009493,0
22,1.6,joint,1.1948507948298486,-1.1843761382731222,0.33586678538179016,4.268217945945089,0.6039884265785262,-29.709704957251336,0
33,0.4,cortex,48.8806594459826,-48.8806594459826,3.0613669696320644,12.641864752491752,1.3547286071924642,-75.2548473757804,0
33,0.4,cerebellum,5.377333913855276,5.377333913855276,0.44826820530554806,4.9505071569255135,0.7819916440151281,-24.995620670389126,0
33,0.4,joint,37.72663697808523,-37.72663697808523,2.8115455966428944,9.423780213648627,0.8304667195874711,-67.37392879884638,0
33,1.6,cortex,9.970364595584247,-9.970364595584247,0.9650312288728262,4.529644543251315,0.5139450824951955,-40.133510120867584,0
33,1.6,cerebellum,2.0100499797471985,2.0100499797471985,0.26166062351957975,1.5580632132657577,0.2859104731557732,-27.877417795524956,0
33,1.6,joint,1.6612169065330522,-0.6990029974634596,1.3753488964712532,7.895147569161024,0.9795696287724596,-27.475543838706344,0
44,0.4,cortex,33.331735888159066,-33.331735888159066,2.8270168590149347,11.820262020590738,1.3692840266954518,-59.37185727721214,0
44,0.4,cerebellum,6.2561655222401935,6.2561655222401935,0.33036296897202366,3.5360902155665292,0.5226077253934276,-23.96272871127118,0
44,0.4,joint,33.38733984366725,-33.38733984366725,2.3589172563809795,8.87666660766871,0.836664282163302,-62.804293358511245,0
44,1.6,cortex,6.026765182640575,-6.026765182640575,1.4851576079016557,5.152253917098945,0.6012276160594288,-36.00356448446262,0
44,1.6,cerebellum,3.2954418589189403,3.2954418589189403,0.13483170417434007,1.6026026566784175,0.2866341530296695,-26.672841934202463,0
44,1.6,joint,2.6612377684005546,-2.6612377684005546,1.2581256254514441,6.032100892853063,0.7478318101837946,-30.369755525447225,0
55,0.4,cortex,43.76663318538748,-43.76663318538748,3.165546392991795,12.614846975215467,1.3541058423256334,-70.06925683256088,0
55,0.4,cerebellum,6.61245767766801,6.61245767766801,0.29332545054608916,3.0295864637406225,0.4038191163901085,-23.683949776563598,0
55,0.4,joint,36.74660914099409,-36.74660914099409,2.5692468991213273,8.817091988483567,0.8006354761471531,-66.23798370170805,0
55,1.6,cortex,9.762327374824714,-9.762327374824714,1.4710607286115174,5.0603091954445825,0.5353954419155087,-39.920383568365665,0
55,1.6,cerebellum,3.8693476349885167,3.8693476349885167,0.13653949785675468,1.61988733701088,0.30059050637489076,-26.146734396958202,0
55,1.6,joint,3.4089644638127354,3.4089644638127354,1.2549412172145806,6.154373255685858,0.743626942435945,-24.14075510211336,0
